Date,Open Interest,Noncommercial Long,Noncommercial Short,Noncommercial Spreads,Commercial Long,Commercial Short,Total Long,Total Short,Nonreportable Positions Long,Nonreportable Positions Short
1999-01-05,2299.0,1338.0,0.0,0.0,0.0,1771.0,1338.0,1771.0,961.0,528.0
1999-01-12,2559.0,1804.0,0.0,0.0,0.0,2169.0,1804.0,2169.0,755.0,390.0
1999-01-19,2327.0,1167.0,0.0,0.0,303.0,2010.0,1470.0,2010.0,857.0,317.0
1999-01-26,2324.0,1165.0,0.0,0.0,303.0,2009.0,1468.0,2009.0,856.0,315.0
1999-02-02,2365.0,1164.0,0.0,0.0,659.0,2003.0,1823.0,2003.0,542.0,362.0
1999-02-09,2607.0,1164.0,0.0,0.0,510.0,2205.0,1674.0,2205.0,933.0,402.0
1999-02-16,2404.0,709.0,0.0,0.0,743.0,1847.0,1452.0,1847.0,952.0,557.0
1999-02-23,2190.0,709.0,0.0,0.0,743.0,1848.0,1452.0,1848.0,738.0,342.0
1999-03-09,2459.0,0.0,0.0,0.0,1440.0,1685.0,1440.0,1685.0,1019.0,774.0
1999-04-20,1731.0,243.0,0.0,0.0,360.0,1110.0,603.0,1110.0,1128.0,621.0
1999-04-27,1548.0,243.0,0.0,0.0,360.0,1109.0,603.0,1109.0,945.0,439.0
1999-05-04,1669.0,375.0,0.0,0.0,360.0,1414.0,735.0,1414.0,934.0,255.0
1999-05-11,3850.0,2470.0,0.0,0.0,360.0,3311.0,2830.0,3311.0,1020.0,539.0
1999-05-18,6989.0,5426.0,500.0,0.0,360.0,4712.0,5786.0,5212.0,1203.0,1777.0
1999-05-25,5763.0,2605.0,0.0,1.0,1764.0,2879.0,4370.0,2880.0,1393.0,2883.0
1999-06-01,4858.0,0.0,0.0,0.0,3770.0,1401.0,3770.0,1401.0,1088.0,3457.0
1999-06-08,5341.0,0.0,0.0,0.0,4223.0,1895.0,4223.0,1895.0,1118.0,3446.0
1999-06-15,3419.0,0.0,0.0,0.0,2489.0,805.0,2489.0,805.0,930.0,2614.0
1999-06-22,3511.0,0.0,0.0,0.0,2489.0,1236.0,2489.0,1236.0,1022.0,2275.0
1999-06-29,3530.0,0.0,0.0,0.0,2489.0,1362.0,2489.0,1362.0,1041.0,2168.0
1999-07-06,3525.0,0.0,0.0,0.0,2485.0,1229.0,2485.0,1229.0,1040.0,2296.0
1999-07-13,3640.0,0.0,0.0,0.0,2607.0,1229.0,2607.0,1229.0,1033.0,2411.0
1999-07-20,3744.0,0.0,353.0,0.0,2597.0,1229.0,2597.0,1582.0,1147.0,2162.0
1999-07-27,3761.0,0.0,353.0,0.0,2797.0,1229.0,2797.0,1582.0,964.0,2179.0
1999-08-03,3626.0,0.0,0.0,0.0,2355.0,1546.0,2355.0,1546.0,1271.0,2080.0
1999-08-10,3626.0,200.0,0.0,0.0,2355.0,1541.0,2555.0,1541.0,1071.0,2085.0
1999-08-17,3627.0,200.0,0.0,0.0,2355.0,1539.0,2555.0,1539.0,1072.0,2088.0
1999-08-24,3723.0,200.0,0.0,0.0,2912.0,1459.0,3112.0,1459.0,611.0,2264.0
1999-08-31,3989.0,0.0,268.0,0.0,3409.0,1260.0,3409.0,1528.0,580.0,2461.0
1999-09-07,4083.0,0.0,0.0,0.0,3497.0,1540.0,3497.0,1540.0,586.0,2543.0
1999-10-19,1337.0,0.0,0.0,0.0,1189.0,528.0,1189.0,528.0,148.0,809.0
1999-10-26,1463.0,0.0,297.0,0.0,1189.0,535.0,1189.0,832.0,274.0,631.0
1999-11-02,1452.0,0.0,497.0,0.0,1189.0,543.0,1189.0,1040.0,263.0,412.0
1999-11-09,1647.0,200.0,0.0,0.0,1189.0,943.0,1389.0,943.0,258.0,704.0
1999-11-16,1876.0,200.0,0.0,0.0,1189.0,1326.0,1389.0,1326.0,487.0,550.0
1999-11-23,1605.0,200.0,0.0,0.0,1189.0,1329.0,1389.0,1329.0,216.0,276.0
1999-11-30,1423.0,0.0,0.0,0.0,1193.0,1131.0,1193.0,1131.0,230.0,292.0
1999-12-07,1598.0,0.0,0.0,0.0,1194.0,1134.0,1194.0,1134.0,404.0,464.0
1999-12-14,1356.0,0.0,520.0,0.0,1127.0,354.0,1127.0,874.0,229.0,482.0
1999-12-21,1248.0,0.0,247.0,0.0,1032.0,767.0,1032.0,1014.0,216.0,234.0
1999-12-28,1247.0,0.0,0.0,0.0,1032.0,773.0,1032.0,773.0,215.0,474.0
2000-01-04,1398.0,0.0,0.0,0.0,1032.0,1081.0,1032.0,1081.0,366.0,317.0
2000-01-11,1313.0,0.0,0.0,0.0,1037.0,1080.0,1037.0,1080.0,276.0,233.0
2000-01-18,1255.0,0.0,0.0,0.0,965.0,1080.0,965.0,1080.0,290.0,175.0
2000-01-25,1384.0,0.0,0.0,0.0,1122.0,1027.0,1122.0,1027.0,262.0,357.0
2000-02-01,3835.0,445.0,1822.0,0.0,2339.0,690.0,2784.0,2512.0,1051.0,1323.0
2000-02-08,2985.0,445.0,814.0,0.0,1939.0,1409.0,2384.0,2223.0,601.0,762.0
2000-02-15,3096.0,445.0,814.0,0.0,2069.0,1410.0,2514.0,2224.0,582.0,872.0
2000-02-22,2963.0,445.0,814.0,0.0,1942.0,1410.0,2387.0,2224.0,576.0,739.0
2000-02-29,3050.0,0.0,812.0,0.0,2351.0,1410.0,2351.0,2222.0,699.0,828.0
2000-03-07,3924.0,0.0,824.0,0.0,3226.0,2259.0,3226.0,3083.0,698.0,841.0
2000-04-04,1989.0,0.0,597.0,0.0,1294.0,302.0,1294.0,899.0,695.0,1090.0
2003-11-11,6305.0,3346.0,1529.0,0.0,1510.0,3510.0,4856.0,5039.0,1449.0,1266.0
2003-11-18,7223.0,4332.0,1293.0,0.0,1353.0,4857.0,5685.0,6150.0,1538.0,1073.0
2003-11-25,7996.0,4893.0,1200.0,0.0,1533.0,5867.0,6426.0,7067.0,1570.0,929.0
2004-08-17,9291.0,3624.0,734.0,0.0,3850.0,7052.0,7474.0,7786.0,1817.0,1505.0
2004-10-19,15619.0,5649.0,0.0,0.0,7668.0,12510.0,13317.0,12510.0,2302.0,3109.0
2004-10-26,17661.0,7652.0,134.0,0.0,7448.0,14355.0,15100.0,14489.0,2561.0,3172.0
2004-11-02,17610.0,7752.0,774.0,0.0,7497.0,13696.0,15249.0,14470.0,2361.0,3140.0
2004-11-09,17189.0,7684.0,657.0,0.0,7076.0,13467.0,14760.0,14124.0,2429.0,3065.0
2004-11-16,17558.0,8322.0,537.0,0.0,6706.0,13994.0,15028.0,14531.0,2530.0,3027.0
2004-11-23,17173.0,8275.0,499.0,0.0,6213.0,13566.0,14488.0,14065.0,2685.0,3108.0
2004-11-30,17378.0,8206.0,1008.0,0.0,6338.0,13366.0,14544.0,14374.0,2834.0,3004.0
2004-12-07,15589.0,4191.0,1010.0,0.0,8996.0,11586.0,13187.0,12596.0,2402.0,2993.0
2005-03-08,11871.0,5933.0,0.0,0.0,3852.0,10846.0,9785.0,10846.0,2086.0,1025.0
2005-03-29,10026.0,6097.0,705.0,0.0,2303.0,8695.0,8400.0,9400.0,1626.0,626.0
2005-04-05,9820.0,6057.0,705.0,0.0,2167.0,8453.0,8224.0,9158.0,1596.0,662.0
2005-08-16,9004.0,4581.0,0.0,0.0,3125.0,8020.0,7706.0,8020.0,1298.0,984.0
2005-08-30,9410.0,4877.0,0.0,0.0,3252.0,8195.0,8129.0,8195.0,1281.0,1215.0
2005-09-06,9596.0,5251.0,0.0,0.0,3051.0,8610.0,8302.0,8610.0,1294.0,986.0
2005-09-13,11677.0,5465.0,0.0,222.0,4488.0,10510.0,10175.0,10732.0,1502.0,945.0
2005-10-11,9438.0,5592.0,508.0,0.0,2499.0,7855.0,8091.0,8363.0,1347.0,1075.0
2005-10-18,10099.0,6208.0,508.0,0.0,2353.0,8421.0,8561.0,8929.0,1538.0,1170.0
2005-12-06,12187.0,7606.0,895.0,0.0,2485.0,10136.0,10091.0,11031.0,2096.0,1156.0
2005-12-13,13233.0,6980.0,973.0,155.0,4220.0,10764.0,11355.0,11892.0,1878.0,1341.0
2005-12-27,10731.0,6328.0,1887.0,0.0,3366.0,8226.0,9694.0,10113.0,1037.0,618.0
2006-01-03,12189.0,8158.0,3321.0,0.0,3074.0,7857.0,11232.0,11178.0,957.0,1011.0
2006-01-10,13013.0,8659.0,4915.0,251.0,3100.0,6628.0,12010.0,11794.0,1003.0,1219.0
2006-01-17,15026.0,10337.0,5510.0,134.0,3060.0,8156.0,13531.0,13800.0,1495.0,1226.0
2006-01-24,15046.0,9589.0,5740.0,96.0,4182.0,8008.0,13867.0,13844.0,1179.0,1202.0
2006-01-31,15684.0,9361.0,5587.0,114.0,5027.0,8699.0,14502.0,14400.0,1182.0,1284.0
2006-02-07,15200.0,9120.0,5019.0,0.0,4838.0,8949.0,13958.0,13968.0,1242.0,1232.0
2006-02-14,11225.0,4622.0,611.0,118.0,5033.0,9271.0,9773.0,10000.0,1452.0,1225.0
2006-02-21,14603.0,5109.0,1486.0,119.0,8017.0,11588.0,13245.0,13193.0,1358.0,1410.0
2006-02-28,14476.0,4273.0,1373.0,0.0,8838.0,11363.0,13111.0,12736.0,1365.0,1740.0
2006-03-07,17982.0,4364.0,1518.0,123.0,12566.0,14459.0,17053.0,16100.0,929.0,1882.0
2006-03-14,10702.0,4349.0,1746.0,0.0,5389.0,7052.0,9738.0,8798.0,964.0,1904.0
2006-03-21,11380.0,3661.0,1924.0,0.0,5968.0,7496.0,9629.0,9420.0,1751.0,1960.0
2006-03-28,12247.0,3229.0,2330.0,0.0,7058.0,7680.0,10287.0,10010.0,1960.0,2237.0
2006-04-04,12473.0,3002.0,2614.0,0.0,7488.0,7864.0,10490.0,10478.0,1983.0,1995.0
2006-04-11,12412.0,3587.0,1251.0,0.0,7192.0,9545.0,10779.0,10796.0,1633.0,1616.0
2006-04-18,13154.0,5272.0,800.0,0.0,6320.0,10408.0,11592.0,11208.0,1562.0,1946.0
2006-04-25,12171.0,5718.0,910.0,0.0,4974.0,9298.0,10692.0,10208.0,1479.0,1963.0
2006-05-02,12204.0,6517.0,314.0,0.0,4245.0,9917.0,10762.0,10231.0,1442.0,1973.0
2006-05-09,13736.0,7284.0,398.0,0.0,5278.0,11400.0,12562.0,11798.0,1174.0,1938.0
2006-05-16,14193.0,7867.0,501.0,0.0,5136.0,11955.0,13003.0,12456.0,1190.0,1737.0
2006-05-23,14325.0,7483.0,216.0,0.0,5595.0,12040.0,13078.0,12256.0,1247.0,2069.0
2006-05-30,13244.0,7614.0,4786.0,0.0,4459.0,6802.0,12073.0,11588.0,1171.0,1656.0
2006-06-06,13175.0,6910.0,4752.0,0.0,5126.0,6990.0,12036.0,11742.0,1139.0,1433.0
2006-06-13,22546.0,7030.0,4717.0,33.0,13997.0,16553.0,21060.0,21303.0,1486.0,1243.0
2006-07-11,14081.0,4329.0,5272.0,0.0,8115.0,7500.0,12444.0,12772.0,1637.0,1309.0
2006-07-18,14948.0,7204.0,3636.0,0.0,6189.0,9629.0,13393.0,13265.0,1555.0,1683.0
2006-07-25,16341.0,9103.0,3658.0,0.0,5799.0,11495.0,14902.0,15153.0,1439.0,1188.0
2006-08-01,18160.0,10955.0,2752.0,0.0,5581.0,14214.0,16536.0,16966.0,1624.0,1194.0
2006-08-08,17327.0,9468.0,2523.0,0.0,6233.0,13907.0,15701.0,16430.0,1626.0,897.0
2006-08-15,19536.0,13438.0,176.0,0.0,4216.0,18424.0,17654.0,18600.0,1882.0,936.0
2006-08-22,19886.0,11787.0,296.0,0.0,6022.0,18680.0,17809.0,18976.0,2077.0,910.0
2006-08-29,18099.0,10687.0,171.0,0.0,5375.0,17092.0,16062.0,17263.0,2037.0,836.0
2006-09-05,18852.0,11218.0,175.0,0.0,5518.0,17906.0,16736.0,18081.0,2116.0,771.0
2006-09-12,19320.0,9750.0,239.0,26.0,7865.0,18037.0,17641.0,18302.0,1679.0,1018.0
2006-09-19,17608.0,13350.0,468.0,0.0,2568.0,16218.0,15918.0,16686.0,1690.0,922.0
2006-09-26,17727.0,13141.0,468.0,0.0,2272.0,16282.0,15413.0,16750.0,2314.0,977.0
2006-10-03,13426.0,8391.0,616.0,0.0,3043.0,11573.0,11434.0,12189.0,1992.0,1237.0
2006-10-10,15750.0,11656.0,1547.0,0.0,2392.0,13392.0,14048.0,14939.0,1702.0,811.0
2006-10-17,19759.0,15075.0,1273.0,0.0,2503.0,17233.0,17578.0,18506.0,2181.0,1253.0
2006-10-24,21403.0,16443.0,1208.0,0.0,2831.0,18817.0,19274.0,20025.0,2129.0,1378.0
2006-10-31,18440.0,13531.0,1274.0,0.0,2838.0,16046.0,16369.0,17320.0,2071.0,1120.0
2006-11-07,18916.0,14371.0,452.0,0.0,2362.0,17477.0,16733.0,17929.0,2183.0,987.0
2006-11-14,15514.0,10747.0,452.0,0.0,2945.0,13993.0,13692.0,14445.0,1822.0,1069.0
2006-11-21,17654.0,13298.0,452.0,0.0,2201.0,16100.0,15499.0,16552.0,2155.0,1102.0
2006-11-28,18078.0,13682.0,759.0,0.0,2259.0,16527.0,15941.0,17286.0,2137.0,792.0
2006-12-05,19768.0,15427.0,957.0,0.0,2057.0,17707.0,17484.0,18664.0,2284.0,1104.0
2006-12-12,22265.0,17432.0,865.0,0.0,2634.0,20327.0,20066.0,21192.0,2199.0,1073.0
2006-12-19,22440.0,19129.0,1240.0,0.0,1690.0,20658.0,20819.0,21898.0,1621.0,542.0
2006-12-26,21961.0,18350.0,761.0,0.0,1785.0,20568.0,20135.0,21329.0,1826.0,632.0
2007-01-03,22855.0,19054.0,702.0,0.0,1894.0,21111.0,20948.0,21813.0,1907.0,1042.0
2007-01-09,20440.0,15283.0,665.0,0.0,3300.0,18804.0,18583.0,19469.0,1857.0,971.0
2007-01-16,19988.0,14032.0,631.0,0.0,4173.0,18429.0,18205.0,19060.0,1783.0,928.0
2007-01-23,18687.0,11450.0,1255.0,0.0,4745.0,16429.0,16195.0,17684.0,2492.0,1003.0
2007-01-30,18000.0,8758.0,637.0,0.0,7489.0,16413.0,16247.0,17050.0,1753.0,950.0
2007-02-06,18326.0,10592.0,471.0,0.0,5773.0,16837.0,16365.0,17308.0,1961.0,1018.0
2007-02-13,19219.0,12894.0,421.0,0.0,4378.0,17707.0,17272.0,18128.0,1947.0,1091.0
2007-02-20,21969.0,16240.0,372.0,0.0,3363.0,20441.0,19603.0,20813.0,2366.0,1156.0
2007-02-27,22779.0,16798.0,292.0,0.0,3423.0,21024.0,20221.0,21316.0,2558.0,1463.0
2007-03-06,21159.0,14404.0,115.0,105.0,4468.0,19240.0,18977.0,19460.0,2182.0,1699.0
2007-03-13,23442.0,15091.0,329.0,181.0,6233.0,21442.0,21505.0,21952.0,1937.0,1490.0
2007-03-20,23099.0,19735.0,879.0,0.0,1806.0,20532.0,21541.0,21411.0,1558.0,1688.0
2007-03-27,27611.0,23824.0,1036.0,0.0,2017.0,24524.0,25841.0,25560.0,1770.0,2051.0
2007-04-03,27025.0,23361.0,836.0,0.0,1912.0,24441.0,25273.0,25277.0,1752.0,1748.0
2007-04-10,25383.0,21068.0,1001.0,0.0,1916.0,22835.0,22984.0,23836.0,2399.0,1547.0
2007-04-17,28672.0,24198.0,1101.0,0.0,1772.0,25992.0,25970.0,27093.0,2702.0,1579.0
2007-04-24,28091.0,22801.0,1698.0,0.0,2184.0,24689.0,24985.0,26387.0,3106.0,1704.0
2007-05-01,25253.0,18777.0,1254.0,0.0,3592.0,22385.0,22369.0,23639.0,2884.0,1614.0
2007-05-08,23617.0,16416.0,1161.0,0.0,4251.0,20934.0,20667.0,22095.0,2950.0,1522.0
2007-05-15,26331.0,20095.0,856.0,6.0,3430.0,23794.0,23531.0,24656.0,2800.0,1675.0
2007-05-22,24381.0,16607.0,800.0,6.0,5054.0,21951.0,21667.0,22757.0,2714.0,1624.0
2007-05-29,23796.0,15707.0,796.0,6.0,5598.0,21530.0,21311.0,22332.0,2485.0,1464.0
2007-06-05,27528.0,21210.0,1292.0,6.0,3823.0,24816.0,25039.0,26114.0,2489.0,1414.0
2007-06-12,55629.0,27973.0,1577.0,18.0,24618.0,52210.0,52609.0,53805.0,3020.0,1824.0
2007-06-19,41113.0,26386.0,2070.0,397.0,11530.0,36852.0,38313.0,39319.0,2800.0,1794.0
2007-06-26,41393.0,26627.0,2753.0,421.0,11141.0,36751.0,38189.0,39925.0,3204.0,1468.0
2007-07-03,41316.0,25511.0,2617.0,380.0,11608.0,36383.0,37499.0,39380.0,3817.0,1936.0
2007-07-10,41167.0,25480.0,2230.0,374.0,12028.0,36581.0,37882.0,39185.0,3285.0,1982.0
2007-07-17,43212.0,26292.0,1906.0,255.0,13151.0,39007.0,39698.0,41168.0,3514.0,2044.0
2007-07-24,46589.0,30047.0,2203.0,0.0,13182.0,42066.0,43229.0,44269.0,3360.0,2320.0
2007-07-31,32233.0,15457.0,1193.0,0.0,14162.0,29164.0,29619.0,30357.0,2614.0,1876.0
2007-08-07,32616.0,17778.0,1118.0,0.0,12560.0,29999.0,30338.0,31117.0,2278.0,1499.0
2007-08-14,31708.0,16345.0,2308.0,0.0,12769.0,27971.0,29114.0,30279.0,2594.0,1429.0
2007-08-21,29542.0,11912.0,3027.0,105.0,15189.0,24931.0,27206.0,28063.0,2336.0,1479.0
2007-08-28,29236.0,8429.0,4604.0,105.0,18194.0,22069.0,26728.0,26778.0,2508.0,2458.0
2007-09-04,29416.0,10850.0,4507.0,105.0,16277.0,23332.0,27232.0,27944.0,2184.0,1472.0
2007-09-11,33398.0,14013.0,4339.0,292.0,16920.0,27162.0,31225.0,31793.0,2173.0,1605.0
2007-09-18,19015.0,14444.0,3272.0,154.0,2553.0,14342.0,17151.0,17768.0,1864.0,1247.0
2007-09-25,21124.0,15904.0,3182.0,105.0,2731.0,16473.0,18740.0,19760.0,2384.0,1364.0
2007-10-02,25717.0,20974.0,2480.0,105.0,2203.0,22027.0,23282.0,24612.0,2435.0,1105.0
2007-10-09,29258.0,24238.0,3153.0,105.0,2245.0,25561.0,26588.0,28819.0,2670.0,439.0
2007-10-16,30684.0,25591.0,3206.0,105.0,2407.0,25560.0,28103.0,28871.0,2581.0,1813.0
2007-10-23,30493.0,23802.0,4351.0,98.0,3410.0,24335.0,27310.0,28784.0,3183.0,1709.0
2007-10-30,26253.0,19101.0,4433.0,98.0,4134.0,20665.0,23333.0,25196.0,2920.0,1057.0
2007-11-06,25305.0,17935.0,4554.0,98.0,4058.0,19548.0,22091.0,24200.0,3214.0,1105.0
2007-11-13,24117.0,15369.0,4946.0,0.0,5785.0,17981.0,21154.0,22927.0,2963.0,1190.0
2007-11-20,23219.0,12132.0,5078.0,0.0,8312.0,17384.0,20444.0,22462.0,2775.0,757.0
2007-11-27,22618.0,11672.0,4813.0,0.0,8489.0,16820.0,20161.0,21633.0,2457.0,985.0
2007-12-04,22019.0,14124.0,3125.0,81.0,5486.0,18023.0,19691.0,21229.0,2328.0,790.0
2007-12-11,27458.0,14047.0,2706.0,450.0,9286.0,22383.0,23783.0,25539.0,3675.0,1919.0
2007-12-18,19080.0,12556.0,2930.0,81.0,3200.0,15991.0,15837.0,19002.0,3243.0,78.0
2007-12-24,20826.0,14098.0,1851.0,81.0,4190.0,17818.0,18369.0,19750.0,2457.0,1076.0
2007-12-31,21344.0,16237.0,2272.0,57.0,2819.0,18455.0,19113.0,20784.0,2231.0,560.0
2008-01-08,21286.0,14848.0,1345.0,57.0,3471.0,19013.0,18376.0,20415.0,2910.0,871.0
2008-01-15,22467.0,16969.0,1220.0,108.0,2458.0,20520.0,19535.0,21848.0,2932.0,619.0
2008-01-22,21818.0,14406.0,2951.0,108.0,4692.0,17513.0,19206.0,20572.0,2612.0,1246.0
2008-01-29,20854.0,13429.0,2707.0,87.0,4779.0,16948.0,18295.0,19742.0,2559.0,1112.0
2008-02-05,23061.0,16150.0,1361.0,87.0,3859.0,20565.0,20096.0,22013.0,2965.0,1048.0
2008-02-12,24074.0,17294.0,1315.0,87.0,3637.0,21639.0,21018.0,23041.0,3056.0,1033.0
2008-02-19,24663.0,16735.0,1608.0,68.0,4796.0,21833.0,21599.0,23509.0,3064.0,1154.0
2008-02-26,25565.0,16954.0,1421.0,68.0,5250.0,22976.0,22272.0,24465.0,3293.0,1100.0
2008-03-04,24541.0,14988.0,1357.0,68.0,6646.0,22125.0,21702.0,23550.0,2839.0,991.0
2008-03-11,25732.0,13379.0,983.0,21.0,9553.0,23723.0,22953.0,24727.0,2779.0,1005.0
2008-03-18,17754.0,12921.0,2543.0,0.0,2196.0,14288.0,15117.0,16831.0,2637.0,923.0
2008-03-25,18330.0,12476.0,3025.0,0.0,3298.0,14437.0,15774.0,17462.0,2556.0,868.0
2008-04-01,19790.0,11600.0,4146.0,0.0,5292.0,14194.0,16892.0,18340.0,2898.0,1450.0
2008-04-08,20951.0,12412.0,4040.0,17.0,5647.0,15570.0,18076.0,19627.0,2875.0,1324.0
2008-04-15,22254.0,12015.0,5421.0,17.0,7812.0,15976.0,19844.0,21414.0,2410.0,840.0
2008-04-22,23365.0,12726.0,4832.0,32.0,7844.0,17295.0,20602.0,22159.0,2763.0,1206.0
2008-04-29,23624.0,10798.0,5309.0,32.0,10420.0,17531.0,21250.0,22872.0,2374.0,752.0
2008-05-06,23946.0,11449.0,5112.0,24.0,9248.0,17547.0,20721.0,22683.0,3225.0,1263.0
2008-05-13,30377.0,11193.0,7749.0,24.0,16377.0,21339.0,27594.0,29112.0,2783.0,1265.0
2008-05-20,30921.0,12274.0,7733.0,0.0,16327.0,21836.0,28601.0,29569.0,2320.0,1352.0
2008-05-27,32124.0,12903.0,7939.0,19.0,16861.0,22857.0,29783.0,30815.0,2341.0,1309.0
2008-06-03,32954.0,13965.0,7637.0,33.0,16523.0,18750.0,30521.0,26420.0,2433.0,6534.0
2008-06-10,36876.0,11677.0,8477.0,81.0,22045.0,21652.0,33803.0,30210.0,3073.0,6666.0
2008-06-17,25095.0,10806.0,9240.0,0.0,8943.0,14099.0,19749.0,23339.0,5346.0,1756.0
2008-06-24,25319.0,11543.0,8893.0,0.0,11244.0,14484.0,22787.0,23377.0,2532.0,1942.0
2008-07-01,26855.0,11988.0,8822.0,0.0,12034.0,16627.0,24022.0,25449.0,2833.0,1406.0
2008-07-08,30523.0,12212.0,10071.0,0.0,14092.0,18605.0,26304.0,28676.0,4219.0,1847.0
2008-07-15,29068.0,13581.0,8254.0,0.0,12655.0,19023.0,26236.0,27277.0,2832.0,1791.0
2008-07-22,27932.0,13384.0,8400.0,0.0,11894.0,18096.0,25278.0,26496.0,2654.0,1436.0
2008-07-29,28995.0,11649.0,10065.0,0.0,14667.0,17116.0,26316.0,27181.0,2679.0,1814.0
2008-08-05,32162.0,11583.0,12964.0,0.0,17983.0,16893.0,29566.0,29857.0,2596.0,2305.0
2008-08-12,31708.0,10639.0,12090.0,0.0,18802.0,17271.0,29441.0,29361.0,2267.0,2347.0
2008-08-19,28137.0,10267.0,10864.0,0.0,15206.0,13776.0,25473.0,24640.0,2664.0,3497.0
2008-08-26,26713.0,9849.0,10312.0,0.0,15871.0,12853.0,25720.0,23165.0,993.0,3548.0
2008-09-02,26943.0,9365.0,11179.0,0.0,16856.0,13307.0,26221.0,24486.0,722.0,2457.0
2008-09-09,28411.0,8773.0,11723.0,0.0,18656.0,13985.0,27429.0,25708.0,982.0,2703.0
2008-09-16,19338.0,7744.0,11644.0,0.0,10869.0,4698.0,18613.0,16342.0,725.0,2996.0
2008-09-23,22337.0,4418.0,9004.0,0.0,16676.0,9725.0,21094.0,18729.0,1243.0,3608.0
2008-09-30,18911.0,4552.0,9333.0,0.0,13508.0,7110.0,18060.0,16443.0,851.0,2468.0
2008-10-07,19057.0,4533.0,9011.0,0.0,13310.0,7593.0,17843.0,16604.0,1214.0,2453.0
2008-10-14,18508.0,2366.0,6926.0,0.0,14791.0,9790.0,17157.0,16716.0,1351.0,1792.0
2008-10-21,18222.0,2317.0,6488.0,0.0,14609.0,9487.0,16926.0,15975.0,1296.0,2247.0
2008-10-28,18412.0,2897.0,5344.0,0.0,14334.0,10932.0,17231.0,16276.0,1181.0,2136.0
2008-11-04,18501.0,2907.0,3839.0,0.0,14230.0,12377.0,17137.0,16216.0,1364.0,2285.0
2008-11-11,19041.0,2878.0,4244.0,0.0,14668.0,12449.0,17546.0,16693.0,1495.0,2348.0
2008-11-18,18864.0,2607.0,4248.0,0.0,15006.0,12619.0,17613.0,16867.0,1251.0,1997.0
2008-11-25,19099.0,2432.0,4810.0,0.0,15190.0,12765.0,17622.0,17575.0,1477.0,1524.0
2008-12-02,19050.0,2266.0,4828.0,0.0,15424.0,12466.0,17690.0,17294.0,1360.0,1756.0
2008-12-09,19891.0,2231.0,4524.0,94.0,15024.0,11492.0,17349.0,16110.0,2542.0,3781.0
2008-12-16,9130.0,2060.0,3595.0,0.0,4041.0,4071.0,6101.0,7666.0,3029.0,1464.0
2008-12-22,8905.0,2063.0,3263.0,0.0,3904.0,4274.0,5967.0,7537.0,2938.0,1368.0
2008-12-30,9033.0,2360.0,3369.0,0.0,4152.0,4267.0,6512.0,7636.0,2521.0,1397.0
2009-01-06,9970.0,3286.0,3038.0,0.0,4080.0,5417.0,7366.0,8455.0,2604.0,1515.0
2009-01-13,9998.0,3416.0,3609.0,0.0,3936.0,4802.0,7352.0,8411.0,2646.0,1587.0
2009-01-20,9714.0,2059.0,3996.0,0.0,4972.0,3760.0,7031.0,7756.0,2683.0,1958.0
2009-01-27,10782.0,1802.0,6099.0,0.0,6268.0,2810.0,8070.0,8909.0,2712.0,1873.0
2009-02-03,12945.0,1638.0,7616.0,0.0,7879.0,2802.0,9517.0,10418.0,3428.0,2527.0
2009-02-10,12701.0,2184.0,6523.0,0.0,7737.0,3822.0,9921.0,10345.0,2780.0,2356.0
2009-02-17,12828.0,2286.0,6868.0,0.0,7787.0,3671.0,10073.0,10539.0,2755.0,2289.0
2009-02-24,13690.0,2161.0,8091.0,0.0,8832.0,3597.0,10993.0,11688.0,2697.0,2002.0
2009-03-03,15870.0,2139.0,8907.0,0.0,11336.0,4788.0,13475.0,13695.0,2395.0,2175.0
2009-03-10,17991.0,2116.0,10095.0,34.0,13231.0,5892.0,15381.0,16021.0,2610.0,1970.0
2009-03-17,15548.0,2872.0,8952.0,0.0,8978.0,4857.0,11850.0,13809.0,3698.0,1739.0
2009-03-24,15198.0,3383.0,6268.0,0.0,8146.0,7392.0,11529.0,13660.0,3669.0,1538.0
2009-03-31,14124.0,3583.0,4522.0,0.0,6778.0,8139.0,10361.0,12661.0,3763.0,1463.0
2009-04-07,13704.0,4359.0,1391.0,0.0,5388.0,10906.0,9747.0,12297.0,3957.0,1407.0
2009-04-14,15202.0,5362.0,1002.0,0.0,8449.0,12986.0,13811.0,13988.0,1391.0,1214.0
2009-04-21,13843.0,4538.0,1033.0,0.0,8161.0,11130.0,12699.0,12163.0,1144.0,1680.0
2009-04-28,14095.0,4855.0,1207.0,0.0,7800.0,11299.0,12655.0,12506.0,1440.0,1589.0
2009-05-05,13993.0,4658.0,849.0,0.0,7889.0,11853.0,12547.0,12702.0,1446.0,1291.0
2009-05-12,16914.0,7031.0,773.0,0.0,7898.0,15194.0,14929.0,15967.0,1985.0,947.0
2009-05-19,19239.0,7841.0,1022.0,0.0,9172.0,17354.0,17013.0,18376.0,2226.0,863.0
2009-05-26,24755.0,13351.0,819.0,0.0,8991.0,23076.0,22342.0,23895.0,2413.0,860.0
2009-06-02,27273.0,15297.0,1165.0,0.0,9349.0,25171.0,24646.0,26336.0,2627.0,937.0
2009-06-09,34760.0,15712.0,939.0,0.0,16667.0,32998.0,32379.0,33937.0,2381.0,823.0
2009-06-16,20666.0,16325.0,865.0,0.0,2081.0,19131.0,18406.0,19996.0,2260.0,670.0
2009-06-23,22606.0,17977.0,1021.0,0.0,2554.0,20794.0,20531.0,21815.0,2075.0,791.0
2009-06-30,23742.0,18679.0,996.0,0.0,2886.0,21519.0,21565.0,22515.0,2177.0,1227.0
2009-07-07,21694.0,16391.0,1034.0,0.0,3178.0,19513.0,19569.0,20547.0,2125.0,1147.0
2009-07-14,22089.0,15990.0,1021.0,0.0,4042.0,19945.0,20032.0,20966.0,2057.0,1123.0
2009-07-21,21987.0,16959.0,776.0,0.0,2591.0,20097.0,19550.0,20873.0,2437.0,1114.0
2009-07-28,22692.0,17990.0,423.0,0.0,2220.0,21440.0,20210.0,21863.0,2482.0,829.0
2009-08-04,23883.0,18975.0,775.0,0.0,2134.0,22163.0,21109.0,22938.0,2774.0,945.0
2009-08-11,25034.0,19896.0,1085.0,0.0,2351.0,23000.0,22247.0,24085.0,2787.0,949.0
2009-08-18,24783.0,18515.0,1079.0,0.0,3647.0,22957.0,22162.0,24036.0,2621.0,747.0
2009-08-25,25735.0,19835.0,1186.0,0.0,3074.0,23735.0,22909.0,24921.0,2826.0,814.0
2009-09-01,26059.0,18602.0,938.0,0.0,4734.0,24226.0,23336.0,25164.0,2723.0,895.0
2009-09-08,29859.0,18988.0,865.0,0.0,7950.0,28358.0,26938.0,29223.0,2921.0,636.0
2009-09-15,23371.0,20206.0,1211.0,0.0,131.0,21192.0,20337.0,22403.0,3034.0,968.0
2009-09-22,23603.0,19874.0,1229.0,0.0,442.0,21007.0,20316.0,22236.0,3287.0,1367.0
2009-09-29,23776.0,19045.0,1542.0,0.0,1342.0,21187.0,20387.0,22729.0,3389.0,1047.0
2009-10-06,24851.0,19606.0,1513.0,0.0,2190.0,22212.0,21796.0,23725.0,3055.0,1126.0
2009-10-13,24376.0,19432.0,1802.0,0.0,1528.0,21707.0,20960.0,23509.0,3416.0,867.0
2009-10-20,24862.0,19531.0,2373.0,0.0,1880.0,21600.0,21411.0,23973.0,3451.0,889.0
2009-10-27,24230.0,17613.0,2585.0,0.0,3100.0,20052.0,20713.0,22637.0,3517.0,1593.0
2009-11-03,21898.0,15802.0,2486.0,0.0,3208.0,18307.0,19010.0,20793.0,2888.0,1105.0
2009-11-09,21106.0,14709.0,3454.0,0.0,3476.0,16196.0,18185.0,19650.0,2921.0,1456.0
2009-11-17,21639.0,15676.0,3002.0,0.0,2819.0,17426.0,18495.0,20428.0,3144.0,1211.0
2009-11-24,21639.0,15130.0,3546.0,0.0,3604.0,16942.0,18734.0,20488.0,2905.0,1151.0
2009-12-01,22778.0,13729.0,5626.0,0.0,5906.0,15543.0,19635.0,21169.0,3143.0,1609.0
2009-12-08,23110.0,12583.0,4788.0,0.0,7465.0,16152.0,20048.0,20940.0,3062.0,2170.0
2009-12-15,18647.0,14235.0,4783.0,0.0,1598.0,12224.0,15833.0,17007.0,2814.0,1640.0
2009-12-22,19372.0,15164.0,5418.0,0.0,1705.0,12386.0,16869.0,17804.0,2503.0,1568.0
2009-12-29,18893.0,13872.0,5067.0,0.0,2028.0,12604.0,15900.0,17671.0,2993.0,1222.0
2010-01-05,23053.0,18106.0,5133.0,0.0,1457.0,16490.0,19563.0,21623.0,3490.0,1430.0
2010-01-12,25732.0,21417.0,5734.0,0.0,1196.0,18810.0,22613.0,24544.0,3119.0,1188.0
2010-01-19,26917.0,22397.0,6041.0,0.0,1218.0,19664.0,23615.0,25705.0,3302.0,1212.0
2010-01-26,21440.0,16005.0,7534.0,0.0,2762.0,12630.0,18767.0,20164.0,2673.0,1276.0
2010-02-02,21312.0,15251.0,9868.0,0.0,3659.0,9838.0,18910.0,19706.0,2402.0,1606.0
2010-02-09,20171.0,14359.0,9636.0,0.0,3988.0,8734.0,18347.0,18370.0,1824.0,1801.0
2010-02-16,19679.0,14523.0,7088.0,0.0,3380.0,10366.0,17903.0,17454.0,1776.0,2225.0
2010-02-23,20201.0,14641.0,8249.0,0.0,3676.0,10223.0,18317.0,18472.0,1884.0,1729.0
2010-03-02,20158.0,13715.0,8603.0,0.0,4085.0,9678.0,17800.0,18281.0,2358.0,1877.0
2010-03-09,21863.0,11964.0,8717.0,135.0,7237.0,11490.0,19336.0,20342.0,2527.0,1521.0
2010-03-16,15638.0,11334.0,8525.0,0.0,1827.0,5970.0,13161.0,14495.0,2477.0,1143.0
2010-03-23,17599.0,13621.0,8132.0,0.0,1294.0,8155.0,14915.0,16287.0,2684.0,1312.0
2010-03-30,17143.0,13049.0,7243.0,0.0,1073.0,9012.0,14122.0,16255.0,3021.0,888.0
2010-04-06,16221.0,12836.0,7333.0,0.0,606.0,7564.0,13442.0,14897.0,2779.0,1324.0
2010-04-13,17540.0,13771.0,6620.0,0.0,657.0,9759.0,14428.0,16379.0,3112.0,1161.0
2010-04-20,17911.0,14497.0,5745.0,0.0,508.0,10771.0,15005.0,16516.0,2906.0,1395.0
2010-04-27,21797.0,17554.0,4645.0,0.0,1118.0,15819.0,18672.0,20464.0,3125.0,1333.0
2010-05-04,23312.0,18961.0,3985.0,0.0,888.0,17835.0,19849.0,21820.0,3463.0,1492.0
2010-05-11,24215.0,20428.0,3536.0,0.0,902.0,19501.0,21330.0,23037.0,2885.0,1178.0
2010-05-18,21357.0,16740.0,4187.0,0.0,2171.0,15281.0,18911.0,19468.0,2446.0,1889.0
2010-05-25,17760.0,11342.0,3680.0,0.0,5345.0,12089.0,16687.0,15769.0,1073.0,1991.0
2010-06-01,15586.0,7622.0,5418.0,39.0,6403.0,8285.0,14064.0,13742.0,1522.0,1844.0
2010-06-08,17962.0,6230.0,7099.0,39.0,10301.0,8902.0,16570.0,16040.0,1392.0,1922.0
2010-06-15,9089.0,4329.0,6458.0,0.0,2855.0,1261.0,7184.0,7719.0,1905.0,1370.0
2010-06-22,10476.0,6721.0,5899.0,0.0,1194.0,3272.0,7915.0,9171.0,2561.0,1305.0
2010-06-29,12880.0,8459.0,5973.0,0.0,1957.0,5511.0,10416.0,11484.0,2464.0,1396.0
2010-07-06,12959.0,8093.0,5516.0,0.0,2751.0,6141.0,10844.0,11657.0,2115.0,1302.0
2010-07-13,16798.0,12683.0,7231.0,0.0,1740.0,8103.0,14423.0,15334.0,2375.0,1464.0
2010-07-20,18631.0,14523.0,5550.0,0.0,1511.0,11887.0,16034.0,17437.0,2597.0,1194.0
2010-07-27,22919.0,18398.0,4724.0,0.0,1407.0,17037.0,19805.0,21761.0,3114.0,1158.0
2010-08-03,24399.0,20353.0,5294.0,0.0,816.0,17742.0,21169.0,23036.0,3230.0,1363.0
2010-08-10,25036.0,18992.0,6448.0,744.0,1889.0,16756.0,21625.0,23948.0,3411.0,1088.0
2010-08-17,23627.0,17595.0,5456.0,0.0,3229.0,16406.0,20824.0,21862.0,2803.0,1765.0
2010-08-24,20271.0,14931.0,4248.0,0.0,1997.0,13798.0,16928.0,18046.0,3343.0,2225.0
2010-08-31,20099.0,12193.0,5236.0,0.0,4956.0,12678.0,17149.0,17914.0,2950.0,2185.0
2010-09-07,27922.0,14648.0,5271.0,663.0,9876.0,20791.0,25187.0,26725.0,2735.0,1197.0
2010-09-14,25755.0,21414.0,4575.0,0.0,865.0,20102.0,22279.0,24677.0,3476.0,1078.0
2010-09-21,26820.0,22636.0,4228.0,0.0,563.0,21198.0,23199.0,25426.0,3621.0,1394.0
2010-09-28,25965.0,21604.0,4334.0,0.0,641.0,20115.0,22245.0,24449.0,3720.0,1516.0
2010-10-05,26042.0,21339.0,5005.0,0.0,881.0,19451.0,22220.0,24456.0,3822.0,1586.0
2010-10-12,26437.0,21276.0,4703.0,0.0,1213.0,20607.0,22489.0,25310.0,3948.0,1127.0
2010-10-19,27031.0,21477.0,6146.0,0.0,1856.0,19755.0,23333.0,25901.0,3698.0,1130.0
2010-10-26,26754.0,21577.0,5706.0,0.0,1573.0,19978.0,23150.0,25684.0,3604.0,1070.0
2010-11-02,28353.0,23393.0,4245.0,0.0,1356.0,22906.0,24749.0,27151.0,3604.0,1202.0
2010-11-09,31494.0,26965.0,4715.0,0.0,991.0,25931.0,27956.0,30646.0,3538.0,848.0
2010-11-16,33423.0,28915.0,5470.0,0.0,1200.0,27077.0,30115.0,32547.0,3308.0,876.0
2010-11-23,30969.0,26095.0,5026.0,0.0,1644.0,25160.0,27739.0,30186.0,3230.0,783.0
2010-11-30,27575.0,22982.0,4537.0,0.0,1301.0,21802.0,24283.0,26339.0,3292.0,1236.0
2010-12-07,27595.0,22024.0,3763.0,166.0,2185.0,22194.0,24375.0,26123.0,3220.0,1472.0
2010-12-14,24510.0,21314.0,8793.0,0.0,985.0,14758.0,22299.0,23551.0,2211.0,959.0
2010-12-21,25081.0,17780.0,10414.0,0.0,5150.0,13326.0,22930.0,23740.0,2151.0,1341.0
2010-12-28,25090.0,18570.0,10455.0,0.0,3991.0,13434.0,22561.0,23889.0,2529.0,1201.0
2011-01-04,26443.0,21162.0,10431.0,0.0,2210.0,15002.0,23372.0,25433.0,3071.0,1010.0
2011-01-11,27358.0,20943.0,11323.0,0.0,2746.0,15156.0,23689.0,26479.0,3669.0,879.0
2011-01-18,27636.0,21224.0,9977.0,0.0,2761.0,16664.0,23985.0,26641.0,3651.0,995.0
2011-01-25,26199.0,18507.0,9880.0,0.0,3744.0,15179.0,22251.0,25059.0,3948.0,1140.0
2011-02-01,27450.0,20041.0,9771.0,0.0,3486.0,16667.0,23527.0,26438.0,3923.0,1012.0
2011-02-08,27897.0,20804.0,9947.0,0.0,3468.0,16994.0,24272.0,26941.0,3625.0,956.0
2011-02-15,27735.0,18018.0,8208.0,0.0,6570.0,18389.0,24588.0,26597.0,3147.0,1138.0
2011-02-22,27830.0,15975.0,7874.0,142.0,8466.0,18270.0,24583.0,26286.0,3247.0,1544.0
2011-03-01,26966.0,15326.0,7915.0,142.0,8738.0,17260.0,24206.0,25317.0,2760.0,1649.0
2011-03-08,27699.0,13467.0,9121.0,849.0,10783.0,15449.0,25099.0,25419.0,2600.0,2280.0
2011-03-15,15851.0,7277.0,10086.0,210.0,5986.0,3295.0,13473.0,13591.0,2378.0,2260.0
2011-03-22,13974.0,6005.0,7487.0,212.0,5713.0,3736.0,11930.0,11435.0,2044.0,2539.0
2011-03-29,13401.0,6598.0,6359.0,216.0,4356.0,4767.0,11170.0,11342.0,2231.0,2059.0
2011-04-05,16197.0,10129.0,7434.0,3.0,2772.0,7022.0,12904.0,14459.0,3293.0,1738.0
2011-04-12,21143.0,14233.0,7897.0,0.0,3348.0,11788.0,17581.0,19685.0,3562.0,1458.0
2011-04-19,25789.0,17722.0,8383.0,213.0,3666.0,15986.0,21601.0,24582.0,4188.0,1207.0
2011-04-26,27220.0,19205.0,7748.0,213.0,3523.0,18088.0,22941.0,26049.0,4279.0,1171.0
2011-05-03,31620.0,22522.0,9722.0,240.0,4593.0,20380.0,27355.0,30342.0,4265.0,1278.0
2011-05-10,30504.0,22828.0,9114.0,5.0,3826.0,20049.0,26659.0,29168.0,3845.0,1336.0
2011-05-17,29636.0,22518.0,9894.0,0.0,3827.0,18443.0,26345.0,28337.0,3291.0,1299.0
2011-05-24,30930.0,23234.0,9358.0,0.0,4023.0,20138.0,27257.0,29496.0,3673.0,1434.0
2011-05-31,30915.0,23579.0,7855.0,16.0,3089.0,21686.0,26684.0,29557.0,4231.0,1358.0
2011-06-07,37227.0,23573.0,7569.0,146.0,8573.0,28106.0,32292.0,35821.0,4935.0,1406.0
2011-06-14,31432.0,23520.0,4302.0,0.0,3507.0,26051.0,27027.0,30353.0,4405.0,1079.0
2011-06-21,30261.0,22942.0,4093.0,0.0,2970.0,24942.0,25912.0,29035.0,4349.0,1226.0
2011-06-28,29652.0,22242.0,3878.0,0.0,2998.0,24437.0,25240.0,28315.0,4412.0,1337.0
2011-07-05,30520.0,22648.0,3662.0,0.0,3381.0,25687.0,26029.0,29349.0,4491.0,1171.0
2011-07-12,29745.0,22687.0,3103.0,0.0,2838.0,25417.0,25525.0,28520.0,4220.0,1225.0
2011-07-19,31072.0,23364.0,1926.0,114.0,2745.0,27376.0,26223.0,29416.0,4849.0,1656.0
2011-07-26,32793.0,25241.0,1950.0,114.0,2498.0,29111.0,27853.0,31175.0,4940.0,1618.0
2011-08-02,33788.0,25808.0,1682.0,133.0,2540.0,30637.0,28481.0,32452.0,5307.0,1336.0
2011-08-09,28943.0,21588.0,1161.0,133.0,2937.0,25502.0,24658.0,26796.0,4285.0,2147.0
2011-08-16,26705.0,19214.0,797.0,0.0,3774.0,24389.0,22988.0,25186.0,3717.0,1519.0
2011-08-23,26504.0,17980.0,1104.0,100.0,4305.0,23942.0,22385.0,25146.0,4119.0,1358.0
2011-08-30,26856.0,17953.0,1388.0,71.0,4625.0,24059.0,22649.0,25518.0,4207.0,1338.0
2011-09-06,27939.0,19215.0,1545.0,14.0,4090.0,24315.0,23319.0,25874.0,4620.0,2065.0
2011-09-13,34664.0,19303.0,1639.0,163.0,10392.0,30727.0,29858.0,32529.0,4806.0,2135.0
2011-09-20,22307.0,16511.0,2946.0,0.0,2437.0,18019.0,18948.0,20965.0,3359.0,1342.0
2011-09-27,23804.0,14475.0,4884.0,0.0,7068.0,16921.0,21543.0,21805.0,2261.0,1999.0
2011-10-04,26211.0,12929.0,7363.0,102.0,11686.0,16078.0,24717.0,23543.0,1494.0,2668.0
2011-10-11,25059.0,12075.0,5237.0,102.0,11594.0,17538.0,23771.0,22877.0,1288.0,2182.0
2011-10-18,24055.0,12445.0,4220.0,0.0,9752.0,17898.0,22197.0,22118.0,1858.0,1937.0
2011-10-25,24675.0,13298.0,4079.0,0.0,9443.0,19200.0,22741.0,23279.0,1934.0,1396.0
2011-11-01,24021.0,13394.0,2739.0,0.0,8317.0,19682.0,21711.0,22421.0,2310.0,1600.0
2011-11-08,24750.0,14585.0,3035.0,5.0,8111.0,20379.0,22701.0,23419.0,2049.0,1331.0
2011-11-15,25966.0,14255.0,3641.0,0.0,9807.0,20317.0,24062.0,23958.0,1904.0,2008.0
2011-11-22,26870.0,12639.0,4723.0,0.0,12745.0,19574.0,25384.0,24297.0,1486.0,2573.0
2011-11-29,28277.0,11018.0,7300.0,0.0,15819.0,18612.0,26837.0,25912.0,1440.0,2365.0
2011-12-06,27597.0,10745.0,6888.0,1.0,15376.0,18497.0,26122.0,25386.0,1475.0,2211.0
2011-12-13,28686.0,11148.0,5765.0,551.0,15164.0,19901.0,26863.0,26217.0,1823.0,2469.0
2011-12-20,9442.0,5735.0,5123.0,225.0,1834.0,1811.0,7794.0,7159.0,1648.0,2283.0
2011-12-27,10181.0,6571.0,5166.0,225.0,1540.0,2351.0,8336.0,7742.0,1845.0,2439.0
2012-01-03,10812.0,7857.0,5421.0,225.0,687.0,2984.0,8769.0,8630.0,2043.0,2182.0
2012-01-10,14173.0,10658.0,5629.0,366.0,542.0,6388.0,11566.0,12383.0,2607.0,1790.0
2012-01-17,20955.0,16195.0,6740.0,366.0,1478.0,12208.0,18039.0,19314.0,2916.0,1641.0
2012-01-24,25569.0,20232.0,7300.0,366.0,1715.0,16265.0,22313.0,23931.0,3256.0,1638.0
2012-01-31,31627.0,25330.0,10533.0,380.0,1796.0,19087.0,27506.0,30000.0,4121.0,1627.0
2012-02-07,35020.0,28201.0,4866.0,380.0,1992.0,28240.0,30573.0,33486.0,4447.0,1534.0
2012-02-14,36704.0,29202.0,5332.0,421.0,2769.0,29272.0,32392.0,35025.0,4312.0,1679.0
2012-02-21,36889.0,29422.0,5211.0,418.0,2712.0,29577.0,32552.0,35206.0,4337.0,1683.0
2012-02-28,35159.0,27006.0,4892.0,418.0,3110.0,28059.0,30534.0,33369.0,4625.0,1790.0
2012-03-06,29950.0,23506.0,6718.0,483.0,2039.0,20754.0,26028.0,27955.0,3922.0,1995.0
2012-03-13,32911.0,19223.0,6000.0,4454.0,5280.0,20713.0,28957.0,31167.0,3954.0,1744.0
2012-03-20,20288.0,14686.0,10476.0,216.0,2300.0,7757.0,17202.0,18449.0,3086.0,1839.0
2012-03-27,20247.0,14046.0,10062.0,152.0,2594.0,8703.0,16792.0,18917.0,3455.0,1330.0
2012-04-03,20753.0,14477.0,8631.0,150.0,2543.0,10403.0,17170.0,19184.0,3583.0,1569.0
2012-04-10,21802.0,15433.0,8263.0,143.0,2835.0,11762.0,18411.0,20168.0,3391.0,1634.0
2012-04-17,23952.0,16999.0,5060.0,0.0,3151.0,17201.0,20150.0,22261.0,3802.0,1691.0
2012-04-24,19126.0,13984.0,4498.0,101.0,1304.0,13030.0,15389.0,17629.0,3737.0,1497.0
2012-05-01,19815.0,12155.0,4130.0,125.0,3302.0,14182.0,15582.0,18437.0,4233.0,1378.0
2012-05-08,17969.0,11688.0,5464.0,125.0,3427.0,9902.0,15240.0,15491.0,2729.0,2478.0
2012-05-15,17263.0,9124.0,6527.0,162.0,5462.0,8723.0,14748.0,15412.0,2515.0,1851.0
2012-05-22,21439.0,8418.0,9927.0,0.0,11398.0,8145.0,19816.0,18072.0,1623.0,3367.0
2012-05-29,21453.0,5798.0,11006.0,158.0,13817.0,7012.0,19773.0,18176.0,1680.0,3277.0
2012-06-05,21530.0,6575.0,12105.0,152.0,13207.0,6024.0,19934.0,18281.0,1596.0,3249.0
2012-06-12,27485.0,6640.0,10525.0,628.0,18395.0,12864.0,25663.0,24017.0,1822.0,3468.0
2012-06-19,12612.0,3564.0,5777.0,149.0,6587.0,4245.0,10300.0,10171.0,2312.0,2441.0
2012-06-26,16601.0,6108.0,5532.0,149.0,7651.0,8737.0,13908.0,14418.0,2693.0,2183.0
2012-07-03,20483.0,9862.0,5542.0,134.0,7158.0,12967.0,17154.0,18643.0,3329.0,1840.0
2012-07-10,22356.0,11434.0,5843.0,134.0,7057.0,14771.0,18625.0,20748.0,3731.0,1608.0
2012-07-17,23328.0,10986.0,4047.0,134.0,8749.0,17052.0,19869.0,21233.0,3459.0,2095.0
2012-07-24,23206.0,11703.0,3924.0,134.0,8382.0,17039.0,20219.0,21097.0,2987.0,2109.0
2012-07-31,24967.0,13659.0,3312.0,186.0,7151.0,19684.0,20996.0,23182.0,3971.0,1785.0
2012-08-07,28945.0,17808.0,3220.0,143.0,6619.0,23871.0,24570.0,27234.0,4375.0,1711.0
2012-08-14,30100.0,18273.0,3026.0,124.0,7482.0,25208.0,25879.0,28358.0,4221.0,1742.0
2012-08-21,31984.0,19835.0,3463.0,124.0,7596.0,26527.0,27555.0,30114.0,4429.0,1870.0
2012-08-28,31374.0,18215.0,3986.0,126.0,9294.0,25514.0,27635.0,29626.0,3739.0,1748.0
2012-09-04,25393.0,14815.0,3414.0,128.0,7271.0,19836.0,22214.0,23378.0,3179.0,2015.0
2012-09-11,27152.0,13641.0,3609.0,729.0,8115.0,20781.0,22485.0,25119.0,4667.0,2033.0
2012-09-18,29331.0,20402.0,3797.0,129.0,4067.0,23695.0,24598.0,27621.0,4733.0,1710.0
2012-09-25,32787.0,23389.0,3424.0,130.0,3973.0,27511.0,27492.0,31065.0,5295.0,1722.0
2012-10-02,34171.0,25298.0,3917.0,226.0,3456.0,28120.0,28980.0,32263.0,5191.0,1908.0
2012-10-09,30497.0,21075.0,4365.0,137.0,3857.0,24123.0,25069.0,28625.0,5428.0,1872.0
2012-10-16,29486.0,20646.0,4362.0,137.0,3950.0,23402.0,24733.0,27901.0,4753.0,1585.0
2012-10-23,29136.0,20528.0,4179.0,131.0,4011.0,22716.0,24670.0,27026.0,4466.0,2110.0
2012-10-30,31020.0,20849.0,4104.0,226.0,5473.0,24721.0,26548.0,29051.0,4472.0,1969.0
2012-11-06,35323.0,24440.0,5052.0,222.0,5508.0,28113.0,30170.0,33387.0,5153.0,1936.0
2012-11-13,33252.0,23692.0,4498.0,222.0,5019.0,26577.0,28933.0,31297.0,4319.0,1955.0
2012-11-20,29757.0,21436.0,3578.0,222.0,4087.0,23693.0,25745.0,27493.0,4012.0,2264.0
2012-11-27,31901.0,21653.0,2943.0,222.0,5539.0,26972.0,27414.0,30137.0,4487.0,1764.0
2012-12-04,32167.0,23272.0,2184.0,416.0,3771.0,27225.0,27459.0,29825.0,4708.0,2342.0
2012-12-11,41381.0,29560.0,4960.0,2751.0,2845.0,31436.0,35156.0,39147.0,6225.0,2234.0
2012-12-18,42446.0,31830.0,17600.0,156.0,4529.0,22939.0,36515.0,40695.0,5931.0,1751.0
2012-12-24,40135.0,27425.0,12686.0,229.0,5177.0,25784.0,32831.0,38699.0,7304.0,1436.0
2012-12-31,34531.0,25832.0,8750.0,231.0,4147.0,23921.0,30210.0,32902.0,4321.0,1629.0
2013-01-08,36531.0,26635.0,7415.0,229.0,4735.0,26913.0,31599.0,34557.0,4932.0,1974.0
2013-01-15,38654.0,29920.0,7658.0,362.0,3202.0,28841.0,33484.0,36861.0,5170.0,1793.0
2013-01-22,37179.0,28815.0,5283.0,363.0,2733.0,29667.0,31911.0,35313.0,5268.0,1866.0
2013-01-29,35480.0,26830.0,5014.0,573.0,3271.0,28344.0,30674.0,33931.0,4806.0,1549.0
2013-02-05,37058.0,26343.0,3643.0,1408.0,3054.0,29818.0,30805.0,34869.0,6253.0,2189.0
2013-02-12,35107.0,24898.0,3560.0,1636.0,3018.0,27701.0,29552.0,32897.0,5555.0,2210.0
2013-02-19,37555.0,28153.0,3460.0,761.0,3192.0,31128.0,32106.0,35349.0,5449.0,2206.0
2013-02-26,32864.0,23570.0,3273.0,2026.0,2987.0,24627.0,28583.0,29926.0,4281.0,2938.0
2013-03-05,31547.0,23812.0,4768.0,335.0,3391.0,23741.0,27538.0,28844.0,4009.0,2703.0
2013-03-12,32813.0,24250.0,4900.0,1140.0,3591.0,24022.0,28981.0,30062.0,3832.0,2751.0
2013-03-19,28933.0,23384.0,10907.0,112.0,2269.0,15389.0,25765.0,26408.0,3168.0,2525.0
2013-03-26,34922.0,27946.0,11030.0,110.0,1943.0,21484.0,29999.0,32624.0,4923.0,2298.0
2013-04-02,39229.0,31358.0,12971.0,110.0,2885.0,23660.0,34353.0,36741.0,4876.0,2488.0
2013-04-09,42549.0,35358.0,10208.0,110.0,2234.0,28924.0,37702.0,39242.0,4847.0,3307.0
2013-04-16,46640.0,39986.0,9178.0,121.0,2030.0,34561.0,42137.0,43860.0,4503.0,2780.0
2013-04-23,45127.0,38027.0,10322.0,118.0,2374.0,31703.0,40519.0,42143.0,4608.0,2984.0
2013-04-30,46571.0,38184.0,9134.0,129.0,2743.0,34388.0,41056.0,43651.0,5515.0,2920.0
2013-05-07,46005.0,37775.0,9239.0,129.0,3069.0,33070.0,40973.0,42438.0,5032.0,3567.0
2013-05-14,37320.0,30436.0,7220.0,94.0,3428.0,26128.0,33958.0,33442.0,3362.0,3878.0
2013-05-21,32833.0,23978.0,6196.0,21.0,5914.0,19888.0,29913.0,26105.0,2920.0,6728.0
2013-05-28,29377.0,19666.0,5655.0,59.0,7407.0,19788.0,27132.0,25502.0,2245.0,3875.0
2013-06-04,25530.0,11700.0,5687.0,42.0,11883.0,15641.0,23625.0,21370.0,1905.0,4160.0
2013-06-11,26293.0,8940.0,6287.0,45.0,15339.0,15573.0,24324.0,21905.0,1969.0,4388.0
2013-06-18,11742.0,8469.0,6343.0,2.0,1511.0,1543.0,9982.0,7888.0,1760.0,3854.0
2013-06-25,11632.0,5377.0,6088.0,61.0,4617.0,1357.0,10055.0,7506.0,1577.0,4126.0
2013-07-02,12384.0,5288.0,6462.0,50.0,5151.0,1481.0,10489.0,7993.0,1895.0,4391.0
2013-07-09,12512.0,5390.0,6398.0,28.0,5003.0,1494.0,10421.0,7920.0,2091.0,4592.0
2013-07-16,12904.0,4224.0,6968.0,24.0,6403.0,1656.0,10651.0,8648.0,2253.0,4256.0
2013-07-23,12613.0,4517.0,6363.0,0.0,6125.0,2243.0,10642.0,8606.0,1971.0,4007.0
2013-07-30,12153.0,5593.0,6113.0,183.0,3916.0,2747.0,9692.0,9043.0,2461.0,3110.0
2013-08-06,11572.0,4595.0,6134.0,204.0,4667.0,1899.0,9466.0,8237.0,2106.0,3335.0
2013-08-13,11976.0,6632.0,6435.0,183.0,2725.0,2607.0,9540.0,9225.0,2436.0,2751.0
2013-08-20,13500.0,9760.0,7370.0,285.0,1066.0,3612.0,11111.0,11267.0,2389.0,2233.0
2013-08-27,12193.0,7463.0,7211.0,339.0,2092.0,2292.0,9894.0,9842.0,2299.0,2351.0
2013-09-03,13105.0,6384.0,7181.0,18.0,4609.0,2732.0,11011.0,9931.0,2094.0,3174.0
2013-09-10,15097.0,8068.0,8669.0,149.0,4501.0,3656.0,12718.0,12474.0,2379.0,2623.0
2013-09-17,15842.0,12463.0,6806.0,5.0,913.0,7042.0,13381.0,13853.0,2461.0,1989.0
2013-09-24,19621.0,15470.0,7415.0,5.0,845.0,10382.0,16320.0,17802.0,3301.0,1819.0
2013-10-01,22577.0,17706.0,6815.0,5.0,911.0,14017.0,18622.0,20837.0,3955.0,1740.0
2013-10-08,23230.0,18343.0,7577.0,5.0,1074.0,13650.0,19422.0,21232.0,3808.0,1998.0
2013-10-15,24608.0,19379.0,6711.0,15.0,1317.0,16118.0,20711.0,22844.0,3897.0,1764.0
2013-10-22,27336.0,21349.0,8235.0,5.0,1634.0,17331.0,22988.0,25571.0,4348.0,1765.0
2013-10-29,23564.0,17705.0,7080.0,3.0,1964.0,14552.0,19672.0,21635.0,3892.0,1929.0
2013-11-05,22367.0,16937.0,7229.0,3.0,1603.0,12732.0,18543.0,19964.0,3824.0,2403.0
2013-11-12,21996.0,16814.0,6448.0,115.0,1664.0,13288.0,18593.0,19851.0,3403.0,2145.0
2013-11-19,24450.0,18940.0,6464.0,113.0,1910.0,15519.0,20963.0,22096.0,3487.0,2354.0
2013-11-26,20919.0,16064.0,5815.0,6.0,1352.0,12825.0,17422.0,18646.0,3497.0,2273.0
2013-12-03,18318.0,13660.0,6021.0,252.0,1069.0,9785.0,14981.0,16058.0,3337.0,2260.0
2013-12-10,19953.0,13183.0,4630.0,604.0,1803.0,12497.0,15590.0,17731.0,4363.0,2222.0
2013-12-17,17939.0,12842.0,7169.0,252.0,871.0,8217.0,13965.0,15638.0,3974.0,2301.0
2013-12-24,18668.0,13899.0,7443.0,282.0,880.0,9060.0,15061.0,16785.0,3607.0,1883.0
2013-12-31,18748.0,14198.0,7491.0,282.0,693.0,9170.0,15173.0,16943.0,3575.0,1805.0
2014-01-07,20039.0,14803.0,6937.0,282.0,922.0,10754.0,16007.0,17973.0,4032.0,2066.0
2014-01-14,22870.0,17539.0,7925.0,202.0,1117.0,12629.0,18858.0,20756.0,4012.0,2114.0
2014-01-21,22817.0,17330.0,8774.0,562.0,1258.0,11346.0,19150.0,20682.0,3667.0,2135.0
2014-01-28,21796.0,16606.0,6921.0,774.0,947.0,11872.0,18327.0,19567.0,3469.0,2229.0
2014-02-04,20098.0,14588.0,6556.0,613.0,1732.0,10020.0,16933.0,17189.0,3165.0,2909.0
2014-02-11,19085.0,13176.0,5535.0,768.0,2021.0,10674.0,15965.0,16977.0,3120.0,2108.0
2014-02-18,21516.0,15331.0,6425.0,724.0,1872.0,12362.0,17927.0,19511.0,3589.0,2005.0
2014-02-25,22142.0,16529.0,5547.0,583.0,1367.0,13877.0,18479.0,20007.0,3663.0,2135.0
2014-03-04,25616.0,19346.0,5914.0,674.0,1291.0,16808.0,21311.0,23396.0,4305.0,2220.0
2014-03-11,31905.0,21155.0,6706.0,4237.0,1586.0,17882.0,26978.0,28825.0,4927.0,3080.0
2014-03-18,31463.0,24645.0,8894.0,204.0,1243.0,19745.0,26092.0,28843.0,5371.0,2620.0
2014-03-25,32748.0,26243.0,8030.0,266.0,1234.0,22092.0,27743.0,30388.0,5005.0,2360.0
2014-04-01,32313.0,25765.0,7285.0,222.0,1439.0,22307.0,27426.0,29814.0,4887.0,2499.0
2014-04-08,32898.0,26521.0,6755.0,204.0,1477.0,23279.0,28202.0,30238.0,4696.0,2660.0
2014-04-15,33100.0,26671.0,6824.0,210.0,1477.0,23326.0,28358.0,30360.0,4742.0,2740.0
2014-04-22,32579.0,26056.0,5881.0,222.0,1532.0,24018.0,27810.0,30121.0,4769.0,2458.0
2014-04-29,29858.0,22979.0,4499.0,212.0,1791.0,22364.0,24982.0,27075.0,4876.0,2783.0
2014-05-06,33025.0,25027.0,4334.0,204.0,2686.0,24207.0,27917.0,28745.0,5108.0,4280.0
2014-05-13,30932.0,23806.0,4466.0,242.0,2439.0,23434.0,26487.0,28142.0,4445.0,2790.0
2014-05-20,30556.0,22486.0,4892.0,227.0,3565.0,23040.0,26278.0,28159.0,4278.0,2397.0
2014-05-27,30649.0,22034.0,4090.0,204.0,3654.0,23716.0,25892.0,28010.0,4757.0,2639.0
2014-06-03,30066.0,22400.0,4869.0,648.0,2986.0,21608.0,26034.0,27125.0,4032.0,2941.0
2014-06-10,32946.0,20401.0,3546.0,3182.0,5419.0,23502.0,29002.0,30230.0,3944.0,2716.0
2014-06-17,28467.0,21671.0,17938.0,345.0,2667.0,7656.0,24683.0,25939.0,3784.0,2528.0
2014-06-24,31415.0,24855.0,18703.0,345.0,2739.0,9621.0,27939.0,28669.0,3476.0,2746.0
2014-07-01,33455.0,26563.0,17578.0,200.0,2890.0,12759.0,29653.0,30537.0,3802.0,2918.0
2014-07-08,36123.0,26750.0,12334.0,3200.0,1959.0,16826.0,31909.0,32360.0,4214.0,3763.0
2014-07-15,32879.0,26570.0,11117.0,200.0,2140.0,17414.0,28910.0,28731.0,3969.0,4148.0
2014-07-22,32728.0,26028.0,10896.0,200.0,2581.0,18458.0,28809.0,29554.0,3919.0,3174.0
2014-07-29,30531.0,23552.0,8263.0,225.0,2884.0,19439.0,26661.0,27927.0,3870.0,2604.0
2014-08-05,25603.0,18949.0,4449.0,200.0,3057.0,18339.0,22206.0,22988.0,3397.0,2615.0
2014-08-12,25214.0,17913.0,4484.0,221.0,3376.0,17731.0,21510.0,22436.0,3704.0,2778.0
2014-08-19,24048.0,16796.0,4764.0,211.0,3600.0,16042.0,20607.0,21017.0,3441.0,3031.0
2014-08-26,23619.0,16405.0,4564.0,229.0,3483.0,16020.0,20117.0,20813.0,3502.0,2806.0
2014-09-02,23319.0,15623.0,5451.0,206.0,4328.0,14831.0,20157.0,20488.0,3162.0,2831.0
2014-09-09,24920.0,14369.0,4847.0,1771.0,5346.0,15048.0,21486.0,21666.0,3434.0,3254.0
2014-09-16,16050.0,9814.0,8694.0,157.0,3703.0,3664.0,13674.0,12515.0,2376.0,3535.0
2014-09-23,16146.0,9779.0,7938.0,196.0,3664.0,3873.0,13639.0,12007.0,2507.0,4139.0
2014-09-30,18209.0,10092.0,10028.0,409.0,5356.0,3214.0,15857.0,13651.0,2352.0,4558.0
2014-10-07,19214.0,10052.0,10152.0,405.0,6708.0,4345.0,17165.0,14902.0,2049.0,4312.0
2014-10-14,21317.0,9171.0,11555.0,383.0,9967.0,4482.0,19521.0,16420.0,1796.0,4897.0
2014-10-21,21311.0,8526.0,10858.0,473.0,10519.0,4654.0,19518.0,15985.0,1793.0,5326.0
2014-10-28,22023.0,8506.0,12404.0,411.0,10951.0,4390.0,19868.0,17205.0,2155.0,4818.0
2014-11-04,23716.0,9737.0,13846.0,461.0,11941.0,3892.0,22139.0,18199.0,1577.0,5517.0
2014-11-11,19809.0,9244.0,10233.0,292.0,8368.0,3957.0,17904.0,14482.0,1905.0,5327.0
2014-11-18,19907.0,9134.0,10381.0,222.0,8111.0,4159.0,17467.0,14762.0,2440.0,5145.0
2014-11-25,21096.0,9630.0,11924.0,433.0,8276.0,3708.0,18339.0,16065.0,2757.0,5031.0
2014-12-02,20448.0,9272.0,10952.0,583.0,8156.0,3848.0,18011.0,15383.0,2437.0,5065.0
2014-12-09,23550.0,9786.0,12081.0,715.0,10974.0,5042.0,21475.0,17838.0,2075.0,5712.0
2014-12-16,18447.0,9865.0,10504.0,353.0,5858.0,2611.0,16076.0,13468.0,2371.0,4979.0
2014-12-23,19295.0,9786.0,11194.0,370.0,7099.0,2655.0,17255.0,14219.0,2040.0,5076.0
2014-12-30,18071.0,8236.0,10082.0,327.0,6733.0,2636.0,15296.0,13045.0,2775.0,5026.0
2015-01-06,19437.0,9865.0,10772.0,472.0,6679.0,2816.0,17016.0,14060.0,2421.0,5377.0
2015-01-13,21064.0,8396.0,10172.0,567.0,9158.0,3839.0,18121.0,14578.0,2943.0,6486.0
2015-01-20,22818.0,10941.0,12758.0,356.0,7997.0,4228.0,19294.0,17342.0,3524.0,5476.0
2015-01-27,25594.0,11908.0,15567.0,295.0,11093.0,3581.0,23296.0,19443.0,2298.0,6151.0
2015-02-03,25687.0,10537.0,15034.0,159.0,13108.0,3821.0,23804.0,19014.0,1883.0,6673.0
2015-02-10,26593.0,9272.0,15472.0,141.0,15243.0,4125.0,24656.0,19738.0,1937.0,6855.0
2015-02-17,27700.0,10021.0,15774.0,779.0,14702.0,4543.0,25502.0,21096.0,2198.0,6604.0
2015-02-24,27328.0,11107.0,15437.0,875.0,13392.0,4561.0,25374.0,20873.0,1954.0,6455.0
2015-03-03,27610.0,14597.0,15964.0,1430.0,9773.0,4434.0,25800.0,21828.0,1810.0,5782.0
2015-03-10,29726.0,13347.0,15827.0,2945.0,11646.0,4560.0,27938.0,23332.0,1788.0,6394.0
2015-03-17,23317.0,13117.0,14258.0,743.0,7155.0,2711.0,21015.0,17712.0,2302.0,5605.0
2015-03-24,20958.0,12149.0,13015.0,632.0,5470.0,2413.0,18251.0,16060.0,2707.0,4898.0
2015-03-31,24049.0,16443.0,12412.0,506.0,4473.0,5776.0,21422.0,18694.0,2627.0,5355.0
2015-04-07,24920.0,16950.0,11172.0,499.0,4489.0,8929.0,21938.0,20600.0,2982.0,4320.0
2015-04-14,25176.0,17081.0,11078.0,537.0,4579.0,9134.0,22197.0,20749.0,2979.0,4427.0
2015-04-21,26617.0,18473.0,9985.0,433.0,4241.0,11950.0,23147.0,22368.0,3470.0,4249.0
2015-04-28,28071.0,18281.0,8101.0,911.0,5134.0,15431.0,24326.0,24443.0,3745.0,3628.0
2015-05-05,28379.0,19585.0,10521.0,829.0,4813.0,13039.0,25227.0,24389.0,3152.0,3990.0
2015-05-12,25525.0,14268.0,12498.0,570.0,7678.0,8233.0,22516.0,21301.0,3009.0,4224.0
2015-05-19,26331.0,11192.0,13423.0,550.0,11720.0,8044.0,23462.0,22017.0,2869.0,4314.0
2015-05-26,28514.0,10426.0,15513.0,715.0,14925.0,7265.0,26066.0,23493.0,2448.0,5021.0
2015-06-02,33005.0,9432.0,19971.0,1195.0,19500.0,6313.0,30127.0,27479.0,2878.0,5526.0
2015-06-09,36911.0,11097.0,22892.0,2101.0,21258.0,6226.0,34456.0,31219.0,2455.0,5692.0
2015-06-16,37169.0,19382.0,28550.0,635.0,14652.0,1954.0,34669.0,31139.0,2500.0,6030.0
2015-06-23,42911.0,19661.0,33224.0,693.0,19844.0,2338.0,40198.0,36255.0,2713.0,6656.0
2015-06-30,43256.0,16949.0,33015.0,681.0,22781.0,2618.0,40411.0,36314.0,2845.0,6942.0
2015-07-07,42873.0,14679.0,33027.0,713.0,24535.0,2371.0,39927.0,36111.0,2946.0,6762.0
2015-07-14,42311.0,13504.0,33158.0,365.0,25907.0,2370.0,39776.0,35893.0,2535.0,6418.0
2015-07-21,38544.0,13200.0,29154.0,270.0,22843.0,2306.0,36313.0,31730.0,2231.0,6814.0
2015-07-28,37487.0,13550.0,26315.0,233.0,21230.0,4189.0,35013.0,30737.0,2474.0,6750.0
2015-08-04,38530.0,14391.0,26290.0,219.0,21363.0,5422.0,35973.0,31931.0,2557.0,6599.0
2015-08-11,36861.0,13931.0,24503.0,192.0,20282.0,5906.0,34405.0,30601.0,2456.0,6260.0
2015-08-18,36523.0,14012.0,23969.0,332.0,20025.0,6344.0,34369.0,30645.0,2154.0,5878.0
2015-08-25,33400.0,15388.0,21451.0,181.0,15789.0,6103.0,31358.0,27735.0,2042.0,5665.0
2015-09-01,34339.0,13543.0,21822.0,336.0,18292.0,6027.0,32171.0,28185.0,2168.0,6154.0
2015-09-08,38325.0,11677.0,23497.0,2285.0,22252.0,6572.0,36214.0,32354.0,2111.0,5971.0
2015-09-15,33352.0,22462.0,24556.0,223.0,9043.0,3282.0,31728.0,28061.0,1624.0,5291.0
2015-09-22,35920.0,22990.0,26519.0,224.0,11126.0,3286.0,34340.0,30029.0,1580.0,5891.0
2015-09-29,34105.0,20995.0,24057.0,201.0,11339.0,4392.0,32535.0,28650.0,1570.0,5455.0
2015-10-06,31930.0,18357.0,19328.0,200.0,11860.0,6426.0,30417.0,25954.0,1513.0,5976.0
2015-10-13,29038.0,18344.0,17652.0,75.0,8794.0,5958.0,27213.0,23685.0,1825.0,5353.0
2015-10-20,30142.0,19447.0,15688.0,67.0,8216.0,9634.0,27730.0,25389.0,2412.0,4753.0
2015-10-27,31743.0,20339.0,14750.0,102.0,9123.0,12152.0,29564.0,27004.0,2179.0,4739.0
2015-11-03,32539.0,21266.0,14648.0,102.0,9013.0,13079.0,30381.0,27829.0,2158.0,4710.0
2015-11-10,33719.0,21267.0,15703.0,365.0,9798.0,12013.0,31430.0,28081.0,2289.0,5638.0
2015-11-17,34899.0,22219.0,16971.0,478.0,10212.0,11113.0,32909.0,28562.0,1990.0,6337.0
2015-11-24,35099.0,22603.0,18593.0,264.0,10292.0,10740.0,33159.0,29597.0,1940.0,5502.0
2015-12-01,36623.0,22881.0,18124.0,403.0,10658.0,12451.0,33942.0,30978.0,2681.0,5645.0
2015-12-08,38425.0,24452.0,15571.0,1003.0,10251.0,17357.0,35706.0,33931.0,2719.0,4494.0
2015-12-15,23626.0,16346.0,15227.0,102.0,4713.0,4255.0,21161.0,19584.0,2465.0,4042.0
2015-12-22,24057.0,14946.0,15167.0,211.0,6207.0,4514.0,21364.0,19892.0,2693.0,4165.0
2015-12-29,24587.0,14971.0,15117.0,103.0,6004.0,5148.0,21078.0,20368.0,3509.0,4219.0
2016-01-05,24928.0,16842.0,15263.0,111.0,5142.0,5078.0,22095.0,20452.0,2833.0,4476.0
2016-01-12,25434.0,17149.0,15608.0,197.0,5297.0,4977.0,22643.0,20782.0,2791.0,4652.0
2016-01-19,28114.0,14938.0,17892.0,344.0,10398.0,4395.0,25680.0,22631.0,2434.0,5483.0
2016-01-26,30437.0,15166.0,20566.0,335.0,12538.0,4207.0,28039.0,25108.0,2398.0,5329.0
2016-02-02,30979.0,13492.0,21928.0,392.0,14585.0,4046.0,28469.0,26366.0,2510.0,4613.0
2016-02-09,33544.0,13666.0,22805.0,414.0,16620.0,6621.0,30700.0,29840.0,2844.0,3704.0
2016-02-16,33596.0,14465.0,22782.0,364.0,16161.0,6295.0,30990.0,29441.0,2606.0,4155.0
2016-02-23,32618.0,15968.0,22583.0,171.0,13626.0,6031.0,29765.0,28785.0,2853.0,3833.0
2016-03-01,31473.0,16593.0,20750.0,196.0,12386.0,6500.0,29175.0,27446.0,2298.0,4027.0
2016-03-08,34957.0,20419.0,22419.0,2372.0,9122.0,6897.0,31913.0,31688.0,3044.0,3269.0
2016-03-15,28451.0,20524.0,19234.0,552.0,5082.0,4797.0,26158.0,24583.0,2293.0,3868.0
2016-03-22,27163.0,19375.0,18358.0,148.0,4040.0,5493.0,23563.0,23999.0,3600.0,3164.0
2016-03-29,28248.0,20255.0,18381.0,218.0,4700.0,6357.0,25173.0,24956.0,3075.0,3292.0
2016-04-05,28309.0,20152.0,17249.0,34.0,4971.0,7764.0,25157.0,25047.0,3152.0,3262.0
2016-04-12,29575.0,21472.0,17180.0,48.0,4666.0,8640.0,26186.0,25868.0,3389.0,3707.0
2016-04-19,31313.0,22674.0,17323.0,118.0,4673.0,10632.0,27465.0,28073.0,3848.0,3240.0
2016-04-26,33789.0,24459.0,17075.0,80.0,4851.0,14224.0,29390.0,31379.0,4399.0,2410.0
2016-05-03,36578.0,25306.0,16106.0,61.0,6791.0,17334.0,32158.0,33501.0,4420.0,3077.0
2016-05-10,45419.0,33573.0,24221.0,280.0,7951.0,17640.0,41804.0,42141.0,3615.0,3278.0
2016-05-17,43986.0,32545.0,25857.0,303.0,7388.0,14213.0,40236.0,40373.0,3750.0,3613.0
2016-05-24,42189.0,30414.0,25838.0,264.0,8040.0,12224.0,38718.0,38326.0,3471.0,3863.0
2016-05-31,44604.0,31919.0,26415.0,129.0,9061.0,14500.0,41109.0,41044.0,3495.0,3560.0
2016-06-07,57750.0,38562.0,30026.0,4671.0,9710.0,19654.0,52943.0,54351.0,4807.0,3399.0
2016-06-14,41919.0,29558.0,33376.0,24.0,7076.0,5538.0,36658.0,38938.0,5261.0,2981.0
2016-06-21,43562.0,30013.0,33058.0,118.0,8232.0,7418.0,38363.0,40594.0,5199.0,2968.0
2016-06-28,43462.0,29798.0,32624.0,24.0,8594.0,8316.0,38416.0,40964.0,5046.0,2498.0
2016-07-05,44234.0,30606.0,32009.0,419.0,8336.0,8965.0,39361.0,41393.0,4873.0,2841.0
2016-07-12,44750.0,31694.0,30683.0,49.0,7455.0,11110.0,39198.0,41842.0,5552.0,2908.0
2016-07-19,41199.0,29156.0,26983.0,348.0,7029.0,11129.0,36533.0,38460.0,4666.0,2739.0
2016-07-26,39825.0,26598.0,26383.0,223.0,8610.0,9833.0,35431.0,36439.0,4394.0,3386.0
2016-08-02,40392.0,27049.0,26832.0,327.0,7911.0,9898.0,35287.0,37057.0,5105.0,3335.0
2016-08-09,41475.0,28314.0,28927.0,380.0,7865.0,9045.0,36559.0,38352.0,4916.0,3123.0
2016-08-16,43268.0,28980.0,29675.0,127.0,8865.0,9909.0,37972.0,39711.0,5296.0,3557.0
2016-08-23,44393.0,29926.0,30804.0,117.0,9141.0,9758.0,39184.0,40679.0,5209.0,3714.0
2016-08-30,46496.0,31747.0,29854.0,333.0,8751.0,12285.0,40831.0,42472.0,5665.0,4024.0
2016-09-06,51939.0,37243.0,31115.0,77.0,8475.0,16386.0,45795.0,47578.0,6144.0,4361.0
2016-09-13,61941.0,34900.0,29771.0,10545.0,10563.0,18029.0,56008.0,58345.0,5933.0,3596.0
2016-09-20,49526.0,34778.0,42694.0,73.0,9079.0,3156.0,43930.0,45923.0,5596.0,3603.0
2016-09-27,49416.0,34159.0,40952.0,75.0,9649.0,4995.0,43883.0,46022.0,5533.0,3394.0
2016-10-04,49242.0,32224.0,40054.0,78.0,10859.0,5712.0,43161.0,45844.0,6081.0,3398.0
2016-10-11,47124.0,30962.0,38698.0,199.0,10585.0,4586.0,41746.0,43483.0,5378.0,3641.0
2016-10-18,47413.0,29513.0,29666.0,158.0,12805.0,13729.0,42476.0,43553.0,4937.0,3860.0
2016-10-25,47257.0,29504.0,29924.0,116.0,12928.0,13816.0,42548.0,43856.0,4709.0,3401.0
2016-11-01,46788.0,28557.0,29522.0,371.0,13015.0,13448.0,41943.0,43341.0,4845.0,3447.0
2016-11-08,52113.0,36124.0,33619.0,157.0,9833.0,14127.0,46114.0,47903.0,5999.0,4210.0
2016-11-15,48563.0,33547.0,31504.0,494.0,9845.0,13582.0,43886.0,45580.0,4677.0,2983.0
2016-11-22,50007.0,31779.0,32312.0,543.0,13359.0,13882.0,45681.0,46737.0,4326.0,3270.0
2016-11-29,49885.0,30231.0,32103.0,345.0,15554.0,13979.0,46130.0,46427.0,3755.0,3458.0
2016-12-06,48740.0,27641.0,31593.0,275.0,16585.0,14267.0,44501.0,46135.0,4239.0,2605.0
2016-12-13,54226.0,29402.0,33104.0,2034.0,18064.0,15942.0,49500.0,51080.0,4726.0,3146.0
2016-12-20,41806.0,28313.0,35266.0,249.0,9684.0,3149.0,38246.0,38664.0,3560.0,3142.0
2016-12-27,43266.0,25448.0,36449.0,206.0,14716.0,2984.0,40370.0,39639.0,2896.0,3627.0
2017-01-03,44227.0,25522.0,36935.0,38.0,15554.0,3414.0,41114.0,40387.0,3113.0,3840.0
2017-01-10,43936.0,22989.0,36949.0,154.0,17423.0,3672.0,40566.0,40775.0,3370.0,3161.0
2017-01-17,45994.0,25517.0,37805.0,39.0,16566.0,4544.0,42122.0,42388.0,3872.0,3606.0
2017-01-24,44940.0,25851.0,35734.0,38.0,14606.0,5809.0,40495.0,41581.0,4445.0,3359.0
2017-01-31,51587.0,32712.0,33734.0,7.0,13518.0,14149.0,46237.0,47890.0,5350.0,3697.0
2017-02-07,54073.0,34860.0,33015.0,11.0,14090.0,17751.0,48961.0,50777.0,5112.0,3296.0
2017-02-14,56314.0,36565.0,33689.0,276.0,14467.0,19525.0,51308.0,53490.0,5006.0,2824.0
2017-02-21,55082.0,35252.0,32094.0,227.0,14632.0,19503.0,50111.0,51824.0,4971.0,3258.0
2017-02-28,57102.0,37198.0,34261.0,220.0,14536.0,19877.0,51954.0,54358.0,5148.0,2744.0
2017-03-07,51405.0,27207.0,31632.0,1224.0,17135.0,14883.0,45566.0,47739.0,5839.0,3666.0
2017-03-14,34986.0,19509.0,25114.0,60.0,11330.0,5927.0,30899.0,31101.0,4087.0,3885.0
2017-03-21,37898.0,16599.0,29209.0,235.0,17942.0,4442.0,34776.0,33886.0,3122.0,4012.0
2017-03-28,37949.0,16216.0,28845.0,454.0,18032.0,4663.0,34702.0,33962.0,3247.0,3987.0
2017-04-04,40904.0,17009.0,31733.0,354.0,19914.0,4502.0,37277.0,36589.0,3627.0,4315.0
2017-04-11,43375.0,19008.0,34161.0,360.0,20290.0,4320.0,39658.0,38841.0,3717.0,4534.0
2017-04-18,43061.0,18320.0,33326.0,360.0,20734.0,4977.0,39414.0,38663.0,3647.0,4398.0
2017-04-25,43947.0,18693.0,34097.0,267.0,21564.0,5009.0,40524.0,39373.0,3423.0,4574.0
2017-05-02,43368.0,19190.0,31160.0,291.0,20814.0,6587.0,40295.0,38038.0,3073.0,5330.0
2017-05-09,44057.0,12070.0,22856.0,216.0,28766.0,15658.0,41052.0,38730.0,3005.0,5327.0
2017-05-16,45187.0,11918.0,23872.0,336.0,29921.0,15501.0,42175.0,39709.0,3012.0,5478.0
2017-05-23,44165.0,14018.0,23235.0,433.0,26465.0,15418.0,40916.0,39086.0,3249.0,5079.0
2017-05-30,44203.0,16886.0,22425.0,423.0,23102.0,16391.0,40411.0,39239.0,3792.0,4964.0
2017-06-06,43814.0,19348.0,21133.0,553.0,19481.0,17500.0,39382.0,39186.0,4432.0,4628.0
2017-06-13,53576.0,27261.0,25666.0,1405.0,19392.0,21735.0,48058.0,48806.0,5518.0,4770.0
2017-06-20,50095.0,38388.0,16933.0,457.0,5794.0,28533.0,44639.0,45923.0,5456.0,4172.0
2017-06-27,57424.0,45001.0,19768.0,97.0,6381.0,32706.0,51479.0,52571.0,5945.0,4853.0
2017-07-03,57560.0,44484.0,15351.0,142.0,6245.0,37544.0,50871.0,53037.0,6689.0,4523.0
2017-07-11,58499.0,45435.0,13530.0,464.0,6414.0,39769.0,52313.0,53763.0,6186.0,4736.0
2017-07-18,57496.0,44257.0,8276.0,320.0,6678.0,44798.0,51255.0,53394.0,6241.0,4102.0
2017-07-25,54603.0,41221.0,6416.0,18.0,6720.0,43900.0,47959.0,50334.0,6644.0,4269.0
2017-08-01,54968.0,41531.0,6593.0,415.0,6595.0,44162.0,48541.0,51170.0,6427.0,3798.0
2017-08-08,53151.0,40241.0,6756.0,706.0,5948.0,41840.0,46895.0,49302.0,6256.0,3849.0
2017-08-15,48413.0,33509.0,8670.0,672.0,7975.0,35560.0,42156.0,44902.0,6257.0,3511.0
2017-08-22,44090.0,29590.0,7708.0,1065.0,7153.0,31773.0,37808.0,40546.0,6282.0,3544.0
2017-08-29,43732.0,29002.0,10198.0,747.0,8363.0,29667.0,38112.0,40612.0,5620.0,3120.0
2017-09-05,46094.0,26773.0,12050.0,1601.0,12532.0,29056.0,40906.0,42707.0,5188.0,3387.0
2017-09-12,49256.0,25150.0,12800.0,1357.0,17154.0,31698.0,43661.0,45855.0,5595.0,3401.0
2017-09-19,37073.0,23248.0,16578.0,151.0,8494.0,17167.0,31893.0,33896.0,5180.0,3177.0
2017-09-26,35914.0,22369.0,14316.0,286.0,7499.0,17287.0,30154.0,31889.0,5760.0,4025.0
2017-10-03,34175.0,20928.0,12810.0,272.0,7575.0,17246.0,28775.0,30328.0,5400.0,3847.0
2017-10-10,36460.0,21529.0,15800.0,580.0,9752.0,16302.0,31861.0,32682.0,4599.0,3778.0
2017-10-17,33757.0,20423.0,13446.0,717.0,8147.0,15703.0,29287.0,29866.0,4470.0,3891.0
2017-10-24,41185.0,20549.0,19938.0,600.0,15287.0,15808.0,36436.0,36346.0,4749.0,4839.0
2017-10-31,49610.0,21763.0,27470.0,786.0,23224.0,15764.0,45773.0,44020.0,3837.0,5590.0
2017-11-07,52072.0,18943.0,30130.0,680.0,28662.0,15939.0,48285.0,46749.0,3787.0,5323.0
2017-11-14,53690.0,18146.0,30037.0,1221.0,31070.0,16667.0,50437.0,47925.0,3253.0,5765.0
2017-11-21,59737.0,22489.0,35883.0,773.0,33075.0,16825.0,56337.0,53481.0,3400.0,6256.0
2017-11-28,61260.0,23960.0,37982.0,1127.0,32751.0,16550.0,57838.0,55659.0,3422.0,5601.0
2017-12-05,61386.0,24228.0,37121.0,1796.0,32042.0,17057.0,58066.0,55974.0,3320.0,5412.0
2017-12-12,74192.0,23811.0,37239.0,3437.0,41601.0,25169.0,68849.0,65845.0,5343.0,8347.0
2017-12-19,48385.0,19456.0,36075.0,455.0,25914.0,7175.0,45825.0,43705.0,2560.0,4680.0
2017-12-26,47219.0,18140.0,35726.0,324.0,26015.0,6394.0,44479.0,42444.0,2740.0,4775.0
2018-01-02,45141.0,15509.0,32494.0,703.0,25888.0,7241.0,42100.0,40438.0,3041.0,4703.0
2018-01-09,45519.0,17304.0,28321.0,194.0,24560.0,12630.0,42058.0,41145.0,3461.0,4374.0
2018-01-16,46780.0,17795.0,25786.0,861.0,23916.0,16189.0,42572.0,42836.0,4208.0,3944.0
2018-01-23,53374.0,24620.0,26086.0,1594.0,22850.0,21606.0,49064.0,49286.0,4310.0,4088.0
2018-01-30,55783.0,29667.0,26197.0,200.0,21254.0,26259.0,51121.0,52656.0,4662.0,3127.0
2018-02-06,55563.0,29316.0,25984.0,299.0,20980.0,25238.0,50595.0,51521.0,4968.0,4042.0
2018-02-13,53739.0,28648.0,26428.0,233.0,20176.0,22882.0,49057.0,49543.0,4682.0,4196.0
2018-02-20,54483.0,29422.0,28478.0,319.0,19901.0,21246.0,49642.0,50043.0,4841.0,4440.0
2018-02-27,58443.0,32179.0,33170.0,931.0,20539.0,20242.0,53649.0,54343.0,4794.0,4100.0
2018-03-06,59354.0,33091.0,33061.0,554.0,20365.0,21539.0,54010.0,55154.0,5344.0,4200.0
2018-03-13,66872.0,34689.0,37505.0,289.0,26030.0,24804.0,61008.0,62598.0,5864.0,4274.0
2018-03-20,44482.0,31078.0,11452.0,429.0,7641.0,28418.0,39148.0,40299.0,5334.0,4183.0
2018-03-27,46728.0,32749.0,14510.0,315.0,8671.0,27208.0,41735.0,42033.0,4993.0,4695.0
2018-04-03,47079.0,32948.0,14571.0,359.0,8792.0,27497.0,42099.0,42427.0,4980.0,4652.0
2018-04-10,55938.0,41652.0,18825.0,97.0,8942.0,32435.0,50691.0,51357.0,5247.0,4581.0
2018-04-17,61437.0,47255.0,19652.0,100.0,8824.0,37695.0,56179.0,57447.0,5258.0,3990.0
2018-04-24,55385.0,39933.0,15499.0,346.0,10134.0,35435.0,50413.0,51280.0,4972.0,4105.0
2018-05-01,47605.0,29899.0,13326.0,341.0,12885.0,28871.0,43125.0,42538.0,4480.0,5067.0
2018-05-08,49725.0,29004.0,16458.0,258.0,17097.0,27381.0,46359.0,44097.0,3366.0,5628.0
2018-05-15,59874.0,28754.0,26801.0,440.0,27040.0,26376.0,56234.0,53617.0,3640.0,6257.0
2018-05-22,60456.0,27077.0,28440.0,446.0,30170.0,25753.0,57693.0,54639.0,2763.0,5817.0
2018-05-29,62523.0,30945.0,29544.0,489.0,28432.0,25946.0,59866.0,55979.0,2657.0,6544.0
2018-06-05,62065.0,33307.0,28924.0,1139.0,25033.0,25708.0,59479.0,55771.0,2586.0,6294.0
2018-06-12,64699.0,34836.0,27830.0,461.0,26548.0,30169.0,61845.0,58460.0,2854.0,6239.0
2018-06-19,43308.0,14656.0,30596.0,406.0,26057.0,5726.0,41119.0,36728.0,2189.0,6580.0
2018-06-26,45026.0,14898.0,32460.0,288.0,27617.0,5563.0,42803.0,38311.0,2223.0,6715.0
2018-07-03,53676.0,14522.0,40926.0,458.0,35812.0,5470.0,50792.0,46854.0,2884.0,6822.0
2018-07-10,52787.0,13170.0,39744.0,488.0,36806.0,5564.0,50464.0,45796.0,2323.0,6991.0
2018-07-17,53254.0,15392.0,40459.0,565.0,34818.0,5596.0,50775.0,46620.0,2479.0,6634.0
2018-07-24,51898.0,14977.0,39347.0,730.0,33704.0,5488.0,49411.0,45565.0,2487.0,6333.0
2018-07-31,51816.0,14454.0,38134.0,1207.0,33887.0,5622.0,49548.0,44963.0,2268.0,6853.0
2018-08-07,51319.0,14051.0,38578.0,216.0,34151.0,5503.0,48418.0,44297.0,2901.0,7022.0
2018-08-14,56128.0,15723.0,42416.0,726.0,36454.0,5868.0,52903.0,49010.0,3225.0,7118.0
2018-08-21,55473.0,15665.0,40808.0,1261.0,36280.0,6304.0,53206.0,48373.0,2267.0,7100.0
2018-08-28,54564.0,16445.0,40372.0,768.0,35083.0,6922.0,52296.0,48062.0,2268.0,6502.0
2018-09-04,55781.0,16291.0,41185.0,851.0,36071.0,7252.0,53213.0,49288.0,2568.0,6493.0
2018-09-11,59669.0,19408.0,42055.0,1504.0,35959.0,9011.0,56871.0,52570.0,2798.0,7099.0
2018-09-18,57429.0,11021.0,43010.0,900.0,43348.0,7423.0,55269.0,51333.0,2160.0,6096.0
2018-09-25,56994.0,10906.0,42741.0,927.0,43141.0,7615.0,54974.0,51283.0,2020.0,5711.0
2018-10-02,56448.0,10678.0,41274.0,1210.0,42586.0,7291.0,54474.0,49775.0,1974.0,6673.0
2018-10-09,64710.0,15418.0,49238.0,864.0,46161.0,8119.0,62443.0,58221.0,2267.0,6489.0
2018-10-16,62490.0,11136.0,46548.0,1047.0,48266.0,8065.0,60449.0,55660.0,2041.0,6830.0
2018-10-23,58683.0,9634.0,42682.0,995.0,45637.0,8365.0,56266.0,52042.0,2417.0,6641.0
2018-10-30,59718.0,8956.0,43987.0,1007.0,47500.0,8402.0,57463.0,53396.0,2255.0,6322.0
2018-11-06,51288.0,10434.0,36160.0,601.0,37808.0,8556.0,48843.0,45317.0,2445.0,5971.0
2018-11-13,50015.0,11138.0,32006.0,663.0,35471.0,11478.0,47272.0,44147.0,2743.0,5868.0
2018-11-20,53661.0,15489.0,34836.0,1049.0,34249.0,11707.0,50787.0,47592.0,2874.0,6069.0
2018-11-27,54184.0,16373.0,36913.0,675.0,34347.0,11075.0,51395.0,48663.0,2789.0,5521.0
2018-12-04,56348.0,17694.0,38991.0,958.0,33685.0,10800.0,52337.0,50749.0,4011.0,5599.0
2018-12-11,62587.0,19127.0,34368.0,1370.0,37805.0,20703.0,58302.0,56441.0,4285.0,6146.0
2018-12-18,29675.0,18820.0,15409.0,804.0,6616.0,8051.0,26240.0,24264.0,3435.0,5411.0
2018-12-24,28524.0,17717.0,15777.0,646.0,6961.0,6514.0,25324.0,22937.0,3200.0,5587.0
2018-12-31,29640.0,18272.0,16310.0,916.0,7784.0,6520.0,26972.0,23746.0,2668.0,5894.0
2019-01-08,29804.0,14895.0,16433.0,983.0,11156.0,6703.0,27034.0,24119.0,2770.0,5685.0
2019-01-15,30350.0,14129.0,17069.0,1032.0,11914.0,7199.0,27075.0,25300.0,3275.0,5050.0
2019-01-22,33089.0,15437.0,20026.0,434.0,14231.0,7340.0,30102.0,27800.0,2987.0,5289.0
2019-01-29,31684.0,14891.0,17707.0,608.0,12784.0,8478.0,28283.0,26793.0,3401.0,4891.0
2019-02-05,34054.0,19257.0,18710.0,540.0,11192.0,10343.0,30989.0,29593.0,3065.0,4461.0
2019-02-12,35744.0,17944.0,19067.0,453.0,14085.0,10997.0,32482.0,30517.0,3262.0,5227.0
2019-02-19,36758.0,18718.0,19458.0,878.0,14011.0,11153.0,33607.0,31489.0,3151.0,5269.0
2019-02-26,35407.0,18295.0,17381.0,954.0,12926.0,11955.0,32175.0,30290.0,3232.0,5117.0
2019-03-05,39314.0,20687.0,19266.0,1793.0,13868.0,13100.0,36348.0,34159.0,2966.0,5155.0
2019-03-12,42326.0,20974.0,16377.0,2659.0,15196.0,17238.0,38829.0,36274.0,3497.0,6052.0
2019-03-19,36146.0,17301.0,18425.0,915.0,14514.0,12116.0,32730.0,31456.0,3416.0,4690.0
2019-03-26,42640.0,22570.0,22772.0,769.0,15041.0,14976.0,38380.0,38517.0,4260.0,4123.0
2019-04-02,39164.0,20854.0,21259.0,566.0,14752.0,12678.0,36172.0,34503.0,2992.0,4661.0
2019-04-09,37599.0,18911.0,20394.0,677.0,15012.0,11562.0,34600.0,32633.0,2999.0,4966.0
2019-04-16,37770.0,17030.0,20251.0,473.0,17092.0,11461.0,34595.0,32185.0,3175.0,5585.0
2019-04-23,45134.0,21367.0,26817.0,184.0,20979.0,12021.0,42530.0,39022.0,2604.0,6112.0
2019-04-30,49266.0,19038.0,30498.0,510.0,27420.0,12207.0,46968.0,43215.0,2298.0,6051.0
2019-05-07,48392.0,16308.0,29050.0,630.0,28610.0,12502.0,45548.0,42182.0,2844.0,6210.0
2019-05-14,50262.0,19075.0,30513.0,643.0,27807.0,13145.0,47525.0,44301.0,2737.0,5961.0
2019-05-21,58548.0,26446.0,37310.0,608.0,28572.0,13986.0,55626.0,51904.0,2922.0,6644.0
2019-05-28,61961.0,24986.0,41134.0,525.0,33608.0,13872.0,59119.0,55531.0,2842.0,6430.0
2019-06-04,68760.0,23476.0,43872.0,4761.0,37637.0,14213.0,65874.0,62846.0,2886.0,5914.0
